crash_id,county,region,highway_name,highway_class,intersection_rel,special_feature_1,special_feature_2,severity_level,visual_injured_num,fatal_num,suspected_serious_injured_num,non_incapacitated_injured_num,possibly_injured_num,crash_type,main_crash_type,latitude,longitude,year,date,time,number_of_vehicles,number_of_commercial_vehicles,work_zone,railroad_crossing,alcohol,drug,Alcohol or Drug,weather_condition,lighting_condition,road_condition,manner_of_collision,pedestrians_num,roadway_departure,cross_centerline,hit_and_run,emergency_vehicle_use,unit_type,vehicle_type,age,sex,driver_of_vehicle,injury_severity,person_condition,restraint_use,older_driver,teen_driver,Sleepy/Ill/Dizzy Driver,unsafe_unlaw_category,unsafe_unlaw_desc,Abnormal Traffic Control,Alcohol-DUI/DWI,Animal in Roadway,Apparently Sleepy,Avoiding Other Vehicle,Avoiding Pedestrian,Changed Lanes Unsafely,Deer in Roadway,Defect in Roadway,Disregarded Warning Signal,Domestic Animal in Roadway,Drug-DUI,Failed to Secure Load,Failed to Signal,Failed to Stop,Failed to Yield,Followed too Closely,Improper Backing,Improper Bicyclist Action,Improper Overtaking,Improper Parking,Improper Start From,Improper Turn,Improper Use of Lane,Distraction,Left of Center,No Improper Action by Driver,Object/Debris in Roadway,Other Improper Act/Movement,Pedestrian Action,Stopped in Traffic Lane,Speeding,Unsafe Vehicle,Wrong Way,Bad Weather,Bad Lighting,Bad Road Condition
190951878,Cherokee,southern,US-62,US Route,1,0.0,0.0,property_damage,0.0,0,0.0,0.0,0.0,REAR-END,REAR-END,35.9083621,-94.9569399,2018,2018-11-19,16.5,2,0,N,       ,Y,N,1,Clear,Daylight,1.0,2,0,No Roadway Departure,0,Y,0.0,D,20.0,19.0,M,Y,1.0,Drinking - Ability Impaired,99.0,0,1,0,Alcohol-DUI/DWI,Alcohol-DUI/DWI,0,1,0,0,0,0,0,0,0,0,0,0,0,0,0,0,0,0,0,0,0,0,0,0,0,0,0,0,0,0,0,0,0,0,0,0,0
190951890,Cherokee,southern,US-62,US Route,1,0.0,0.0,property_damage,0.0,0,0.0,0.0,0.0,REAR-END,REAR-END,35.91538128,-94.95535139,2018,2018-11-29,19.15,2,0,N,       ,Y,N,1,Clear,Dark / Lighted,1.0,2,0,No Roadway Departure,0,N,0.0,D,4.0,52.0,M,Y,1.0,Apparently Normal,4.0,0,0,0,Alcohol-DUI/DWI,Alcohol-DUI/DWI,0,1,0,0,0,0,0,0,0,0,0,0,0,0,0,0,0,0,0,0,0,0,0,0,0,0,0,0,0,0,0,0,0,0,0,0,0
191052672,Rogers,northern,,City Street,6,0.0,0.0,incapacitating_injury,2.0,0,2.0,0.0,0.0,F-O OTHER,FIXED-OBJECT,36.1661577,-95.79716857,2019,2019-03-27,5.3,1,0,N,       ,Y,N,1,Clear,Dark / Unlighted,1.0,20,0,Fixed Object,0,N,0.0,D,20.0,24.0,M,Y,4.0,Odor of Alcohol Beverage,1.0,0,0,0,Alcohol-DUI/DWI,Alcohol-DUI/DWI,0,1,0,0,0,0,0,0,0,0,0,0,0,0,0,0,0,0,0,0,0,0,0,0,0,0,0,0,0,0,0,0,0,0,0,1,0
191162121,Tulsa,northern,,City Street,1,80.0,99.0,property_damage,0.0,0,0.0,0.0,0.0,REAR-END,REAR-END,36.300233,-95.8480988,2019,2019-04-12,20.27,2,0,N,       ,Y,N,1,Clear,Dark / Lighted,1.0,3,0,No Roadway Departure,0,N,0.0,D,2.0,45.0,M,Y,1.0,Apparently Normal,4.0,0,0,0,Alcohol-DUI/DWI,Alcohol-DUI/DWI,0,1,0,0,0,0,0,0,0,0,0,0,0,0,0,0,0,0,0,0,0,0,0,0,0,0,0,0,0,0,0,0,0,0,0,0,0
191162133,Tulsa,northern,,City Street,1,0.0,0.0,property_damage,0.0,0,0.0,0.0,0.0,OTHER,OTHER,36.26402602,-95.8375232,2019,2019-04-18,21.37,1,0,N,       ,Y,N,1,Clear,Dark / Unlighted,1.0,20,0,Roadway Departure Right,0,N,0.0,D,2.0,64.0,M,Y,1.0,Drinking - Ability Impaired,99.0,0,0,0,Alcohol-DUI/DWI,Alcohol-DUI/DWI,0,1,0,0,0,0,0,0,0,0,0,0,0,0,0,0,0,0,0,0,0,0,0,0,0,0,0,0,0,0,0,0,0,0,0,1,0
191194034,Adair,southern,,County Road,0,1.0,0.0,possible_injury,0.0,0,0.0,0.0,1.0,OTH-SINGLE-VEH,OTH-SINGLE-VEH,35.9702511,-94.5747362,2019,2019-04-23,8.44,1,0,N,       ,N,Y,1,Cloudy,Daylight,2.0,21,0,No Roadway Departure,0,N,2.0,D,20.0,26.0,F,Y,1.0,Apparently Normal,4.0,0,0,0,Failed to Yield,Private Drive,0,0,0,0,0,0,0,0,0,0,0,0,0,0,0,1,0,0,0,0,0,0,0,0,0,0,0,0,0,0,0,0,0,0,0,0,0
191215366,Tulsa,northern,US-169,US Route,1,20.0,0.0,property_damage,0.0,0,0.0,0.0,0.0,ANGLE-TURNING,ANGLE-TURNING,36.2930822,-95.833762,2019,2019-04-20,20.48,2,0,N,       ,Y,N,1,Clear,Dark / Lighted,1.0,24,0,No Roadway Departure,0,N,0.0,D,4.0,56.0,M,Y,1.0,Apparently Normal,4.0,0,0,0,Alcohol-DUI/DWI,Alcohol-DUI/DWI,0,1,0,0,0,0,0,0,0,0,0,0,0,0,0,0,0,0,0,0,0,0,0,0,0,0,0,0,0,0,0,0,0,0,0,0,0
191363271,Rogers,northern,SH-66,State Highway,0,0.0,0.0,incapacitating_injury,2.0,0,2.0,0.0,0.0,REAR-END,REAR-END,36.1890682,-95.7375551,2019,2019-04-12,17.48,2,0,N,       ,N,Y,1,Clear,Daylight,1.0,2,0,No Roadway Departure,0,N,0.0,D,2.0,30.0,F,Y,4.0,Apparently Normal,4.0,0,0,0,No Improper Action by Driver,No Improper Action by Driver,0,0,0,0,0,0,0,0,0,0,0,0,0,0,0,0,0,0,0,0,0,0,0,0,0,0,1,0,0,0,0,0,0,0,0,0,0
191371900,Delaware,northern,US-59,US Route,0,76.0,0.0,property_damage,0.0,0,0.0,0.0,0.0,F-O UTIL-POLE,FIXED-OBJECT,36.6225096,-94.8146781,2019,2019-04-16,13.13,1,0,N,       ,Y,N,1,Cloudy,Daylight,1.0,19,0,Roadway Departure Left,1,N,0.0,D,2.0,29.0,F,Y,1.0,Apparently Normal,4.0,0,0,0,Apparently Sleepy,Apparently Sleepy,0,0,0,1,0,0,0,0,0,0,0,0,0,0,0,0,0,0,0,0,0,0,0,0,0,0,0,0,0,0,0,0,0,0,0,0,0
191371907,Mayes,northern,,City Street,5,80.0,99.0,property_damage,0.0,0,0.0,0.0,0.0,RIGHT-ANGLE,RIGHT-ANGLE,36.30206731,-95.3122596,2019,2019-04-20,2.0,1,0,N,       ,Y,N,1,Cloudy,Dark / Lighted,1.0,1,0,Roadway Departure Left,0,Y,0.0,D,2.0,30.0,M,Y,1.0,Odor of Alcohol Beverage,4.0,0,0,0,Inattention,Other,0,0,0,0,0,0,0,0,0,0,0,0,0,0,0,0,0,0,0,0,0,0,0,0,1,0,0,0,0,0,0,0,0,0,0,0,0
191372015,Mayes,northern,,City Street,5,80.0,99.0,property_damage,0.0,0,0.0,0.0,0.0,RIGHT-ANGLE,RIGHT-ANGLE,36.28881331,-95.3098248,2019,2019-05-04,3.18,1,0,N,       ,Y,N,1,Rain,Dark / Unlighted,2.0,1,0,Roadway Departure Right,0,N,0.0,D,2.0,25.0,M,Y,1.0,Odor of Alcohol Beverage,4.0,0,0,0,Alcohol-DUI/DWI,Alcohol-DUI/DWI,0,1,0,0,0,0,0,0,0,0,0,0,0,0,0,0,0,0,0,0,0,0,0,0,0,0,0,0,0,0,0,0,0,0,1,1,0
191442940,Tulsa,northern,,City Street,8,0.0,0.0,possible_injury,0.0,0,0.0,0.0,1.0,OTHER,OTHER,36.2712724,-95.85243023,2019,2019-05-12,18.46,2,0,N,       ,Y,Y,1,Clear,Daylight,1.0,35,0,No Roadway Departure,0,N,0.0,D,2.0,21.0,M,Y,2.0,Drinking - Ability Impaired,4.0,0,0,0,Drug-DUI,Drug-DUI,0,0,0,0,0,0,0,0,0,0,0,1,0,0,0,0,0,0,0,0,0,0,0,0,0,0,0,0,0,0,0,0,0,0,0,0,0
191482821,Cherokee,southern,SH-82,State Highway,1,0.0,0.0,property_damage,0.0,0,0.0,0.0,0.0,REAR-END,REAR-END,35.9512972,-94.966814,2019,2019-01-15,18.01,2,0,N,       ,Y,N,1,Clear,Dark / Lighted,1.0,4,0,No Roadway Departure,0,N,0.0,D,2.0,19.0,M,Y,1.0,Drinking - Ability Impaired,4.0,0,1,0,Alcohol-DUI/DWI,Alcohol-DUI/DWI,0,1,0,0,0,0,0,0,0,0,0,0,0,0,0,0,0,0,0,0,0,0,0,0,0,0,0,0,0,0,0,0,0,0,0,0,0
191482843,Cherokee,southern,,City Street,6,99.0,80.0,property_damage,0.0,0,0.0,0.0,0.0,ANGLE-TURNING,ANGLE-TURNING,35.915296,-94.98485867,2019,2019-02-19,19.11,2,0,N,       ,Y,N,1,Clear,Dark / Unlighted,1.0,9,0,No Roadway Departure,0,Y,0.0,D,20.0,44.0,F,Y,1.0,Odor of Alcohol Beverage,99.0,0,0,0,Left of Center,Marked Zone,0,0,0,0,0,0,0,0,0,0,0,0,0,0,0,0,0,0,0,0,0,0,0,0,0,1,0,0,0,0,0,0,0,0,0,1,0
191545421,Tulsa,northern,US-169,US Route,0,0.0,0.0,fatal,0.0,1,0.0,0.0,0.0,PEDESTRIAN,PEDESTRIAN,36.2722468,-95.8479557,2019,2019-05-22,3.38,1,1,N,       ,Y,N,1,Cloudy,Dark / Unlighted,1.0,21,1,No Roadway Departure,0,N,0.0,D,10.0,43.0,M,Y,1.0,Apparently Normal,4.0,0,0,0,No Improper Action by Driver,No Improper Action by Driver,0,0,0,0,0,0,0,0,0,0,0,0,0,0,0,0,0,0,0,0,0,0,0,0,0,0,1,0,0,0,0,0,0,0,0,1,0
191572628,Rogers,northern,SH-66,State Highway,0,0.0,0.0,incapacitating_injury,1.0,0,1.0,0.0,1.0,F-O CULVERT,FIXED-OBJECT,36.24744825,-95.67063434,2019,2019-05-31,6.45,1,0,N,       ,N,Y,1,Clear,Daylight,1.0,20,0,Roadway Departure Right,0,N,2.0,D,2.0,55.0,M,Y,2.0,Illigal Drugs,4.0,0,0,0,Drug-DUI,Drug-DUI,0,0,0,0,0,0,0,0,0,0,0,1,0,0,0,0,0,0,0,0,0,0,0,0,0,0,0,0,0,0,0,0,0,0,0,0,0
191642327,Washington,northern,,City Street,5,80.0,99.0,property_damage,0.0,0,0.0,0.0,0.0,RIGHT-ANGLE,RIGHT-ANGLE,36.74275991,-95.917229,2019,2019-05-12,2.37,1,0,N,       ,Y,N,1,Clear,Dark / Lighted,1.0,1,0,Fixed Object,0,N,0.0,D,21.0,43.0,M,Y,0.0,Drinking - Ability Impaired,99.0,0,0,0,Alcohol-DUI/DWI,Alcohol-DUI/DWI,0,1,0,0,0,0,0,0,0,0,0,0,0,0,0,0,0,0,0,0,0,0,0,0,0,0,0,0,0,0,0,0,0,0,0,0,0
191642329,Washington,northern,US-75,US Route,1,0.0,0.0,property_damage,0.0,0,0.0,0.0,0.0,SIDESWIPE-OPP,SIDESWIPE-OPP,36.752661,-95.9354682,2019,2019-05-15,22.56,2,0,N,       ,Y,N,1,Clear,Dark / Lighted,1.0,17,0,No Roadway Departure,0,Y,0.0,D,4.0,48.0,M,Y,0.0,Drinking - Ability Impaired,99.0,0,0,0,Alcohol-DUI/DWI,Alcohol-DUI/DWI,0,1,0,0,0,0,0,0,0,0,0,0,0,0,0,0,0,0,0,0,0,0,0,0,0,0,0,0,0,0,0,0,0,0,0,0,0
191642407,Washington,northern,,City Street,1,0.0,0.0,possible_injury,0.0,0,0.0,0.0,1.0,RIGHT-ANGLE,RIGHT-ANGLE,36.7388966,-95.9854456,2019,2019-05-06,17.57,2,0,N,       ,Y,N,1,Clear,Daylight,1.0,1,0,No Roadway Departure,0,N,0.0,D,20.0,72.0,M,Y,1.0,Apparently Normal,4.0,1,0,0,Failed to Yield,From Stop Sign,0,0,0,0,0,0,0,0,0,0,0,0,0,0,0,1,0,0,0,0,0,0,0,0,0,0,0,0,0,0,0,0,0,0,0,0,0
191772650,Rogers,northern,,City Street,7,0.0,0.0,fatal,0.0,1,0.0,0.0,0.0,F-O POLE-OTHER,FIXED-OBJECT,36.31643379,-95.6091691,2019,2019-05-25,1.18,1,0,N,       ,Y,N,1,Rain,Dark / Lighted,2.0,19,0,Roadway Departure Left,0,N,0.0,D,20.0,29.0,M,Y,5.0,Drinking - Ability Impaired,1.0,0,0,0,Unsafe Speed,Rain or Wet Roadway,0,0,0,0,0,0,0,0,0,0,0,0,0,0,0,0,0,0,0,0,0,0,0,0,0,0,0,0,0,0,0,1,0,0,1,0,0
191784882,Rogers,northern,SH-88,State Highway,0,0.0,0.0,property_damage,0.0,0,0.0,0.0,0.0,F-O CURB,FIXED-OBJECT,36.31968475,-95.63271376,2019,2019-05-25,3.06,1,0,N,       ,Y,N,1,Rain,Dark / Unlighted,2.0,20,0,Roadway Departure Right,0,N,0.0,D,1.0,28.0,M,Y,1.0,Drinking - Ability Impaired,1.0,0,0,0,Alcohol-DUI/DWI,Alcohol-DUI/DWI,0,1,0,0,0,0,0,0,0,0,0,0,0,0,0,0,0,0,0,0,0,0,0,0,0,0,0,0,0,0,0,0,0,0,1,1,0
191784888,Tulsa,northern,US-169,US Route,1,21.0,0.0,property_damage,0.0,0,0.0,0.0,0.0,ANGLE-TURNING,ANGLE-TURNING,36.26381007,-95.84792564,2019,2019-06-10,21.3,2,0,N,       ,Y,N,1,Clear,Dark / Unlighted,1.0,10,0,No Roadway Departure,0,Y,0.0,D,2.0,41.0,M,Y,1.0,Drinking - Ability Impaired,99.0,0,0,0,Alcohol-DUI/DWI,Alcohol-DUI/DWI,0,1,0,0,0,0,0,0,0,0,0,0,0,0,0,0,0,0,0,0,0,0,0,0,0,0,0,0,0,0,0,0,0,0,0,1,0
191784893,Tulsa,northern,,City Street,1,0.0,0.0,possible_injury,0.0,0,0.0,0.0,1.0,REAR-END,REAR-END,36.3075504,-95.8481097,2019,2019-06-14,16.28,2,0,N,       ,N,Y,1,Clear,Daylight,1.0,2,0,No Roadway Departure,0,N,0.0,D,4.0,71.0,F,Y,1.0,Apparently Normal,99.0,1,0,0,No Improper Action by Driver,No Improper Action by Driver,0,0,0,0,0,0,0,0,0,0,0,0,0,0,0,0,0,0,0,0,0,0,0,0,0,0,1,0,0,0,0,0,0,0,0,0,0
191791195,Muskogee,southern,,City Street,1,0.0,0.0,possible_injury,0.0,0,0.0,0.0,1.0,ANGLE-TURNING,ANGLE-TURNING,35.7550319,-95.3118775,2019,2019-05-25,20.41,2,0,N,       ,Y,N,1,Clear,Dark / Unlighted,1.0,12,0,No Roadway Departure,0,N,2.0,D,2.0,22.0,M,Y,1.0,Odor of Alcohol Beverage,4.0,0,0,0,Failed to Yield,From Stop Sign,0,0,0,0,0,0,0,0,0,0,0,0,0,0,0,1,0,0,0,0,0,0,0,0,0,0,0,0,0,0,0,0,0,0,0,1,0
191844538,Delaware,northern,US-59,US Route,0,0.0,0.0,property_damage,0.0,0,0.0,0.0,0.0,ANGLE-TURNING,ANGLE-TURNING,36.62106446,-94.81400883,2019,2019-05-17,9.58,2,0,N,       ,Y,N,1,Clear,Daylight,1.0,10,0,No Roadway Departure,0,N,0.0,D,20.0,20.0,F,Y,1.0,Drinking - Ability Impaired,1.0,0,0,0,Improper Turn,Turn About/U-Turn,0,0,0,0,0,0,0,0,0,0,0,0,0,0,0,0,0,0,0,0,0,0,1,0,0,0,0,0,0,0,0,0,0,0,0,0,0
191891541,Cherokee,southern,SH-82,State Highway,0,0.0,0.0,property_damage,0.0,0,0.0,0.0,0.0,F-O FENCE,FIXED-OBJECT,35.9604359,-94.9667844,2019,2019-03-09,2.12,1,0,N,       ,Y,N,1,Cloudy,Dark / Unlighted,2.0,20,0,Roadway Departure Right,0,N,0.0,D,20.0,25.0,M,Y,1.0,Apparently Normal,4.0,0,0,0,Alcohol-DUI/DWI,Alcohol-DUI/DWI,0,1,0,0,0,0,0,0,0,0,0,0,0,0,0,0,0,0,0,0,0,0,0,0,0,0,0,0,0,0,0,0,0,0,0,1,0
191891542,Cherokee,southern,SH-82,State Highway,1,0.0,0.0,property_damage,0.0,0,0.0,0.0,0.0,F-O OTHER,FIXED-OBJECT,35.9512972,-94.966814,2019,2019-03-09,3.2,1,0,N,       ,Y,N,1,Rain,Dark / Unlighted,2.0,41,0,Fixed Object,0,Y,0.0,D,4.0,22.0,M,Y,1.0,Odor of Alcohol Beverage,99.0,0,0,0,Unsafe Speed,Exceeding Legal Limit,0,0,0,0,0,0,0,0,0,0,0,0,0,0,0,0,0,0,0,0,0,0,0,0,0,0,0,0,0,0,0,1,0,0,1,1,0
191962471,Mayes,northern,US-69,US Route,1,0.0,0.0,property_damage,0.0,0,0.0,0.0,0.0,F-O UTIL-POLE,FIXED-OBJECT,36.29070299,-95.32499434,2019,2019-07-03,1.04,1,0,N,       ,Y,N,1,Cloudy,Dark / Lighted,1.0,20,0,Fixed Object,0,Y,0.0,D,2.0,47.0,M,Y,1.0,Drinking - Ability Impaired,99.0,0,0,0,Alcohol-DUI/DWI,Alcohol-DUI/DWI,0,1,0,0,0,0,0,0,0,0,0,0,0,0,0,0,0,0,0,0,0,0,0,0,0,0,0,0,0,0,0,0,0,0,0,0,0
191992611,Tulsa,northern,,City Street,1,80.0,99.0,property_damage,0.0,0,0.0,0.0,0.0,RIGHT-ANGLE,RIGHT-ANGLE,36.29303082,-95.8246395,2019,2019-07-02,23.12,1,0,N,       ,N,Y,1,Clear,Dark / Unlighted,1.0,1,0,Fixed Object,0,N,0.0,D,2.0,19.0,M,Y,1.0,Illigal Drugs,4.0,0,1,0,Drug-DUI,Drug-DUI,0,0,0,0,0,0,0,0,0,0,0,1,0,0,0,0,0,0,0,0,0,0,0,0,0,0,0,0,0,0,0,0,0,0,0,1,0
191992625,Tulsa,northern,,City Street,1,0.0,0.0,property_damage,0.0,0,0.0,0.0,0.0,RIGHT-ANGLE,RIGHT-ANGLE,36.2930517,-95.8122135,2019,2019-07-08,15.44,3,0,N,       ,N,Y,1,Clear,Daylight,1.0,1,0,No Roadway Departure,0,N,0.0,D,2.0,17.0,M,Y,1.0,Apparently Normal,4.0,0,1,0,Failed to Stop,For Traffic Signal,0,0,0,0,0,0,0,0,0,0,0,0,0,0,1,0,0,0,0,0,0,0,0,0,0,0,0,0,0,0,0,0,0,0,0,0,0
192001693,Rogers,northern,SH-66,State Highway,1,0.0,0.0,property_damage,0.0,0,0.0,0.0,0.0,REAR-END,REAR-END,36.24811407,-95.66994247,2019,2019-07-12,13.15,2,0,N,       ,Y,N,1,Clear,Daylight,1.0,2,0,No Roadway Departure,0,N,0.0,D,2.0,31.0,M,Y,1.0,Apparently Normal,4.0,0,0,0,Inattention,Other Distraction Inside Vehicle,0,0,0,0,0,0,0,0,0,0,0,0,0,0,0,0,0,0,0,0,0,0,0,0,1,0,0,0,0,0,0,0,0,0,0,0,0
192061207,Tulsa,northern,US-169,US Route,1,21.0,0.0,property_damage,0.0,0,0.0,0.0,0.0,F-O ISLAND,FIXED-OBJECT,36.26381007,-95.84792564,2019,2019-07-14,21.0,1,0,N,       ,Y,N,1,Clear,Dark / Lighted,1.0,19,0,Roadway Departure Left,0,N,0.0,D,2.0,37.0,F,Y,1.0,Apparently Normal,4.0,0,0,0,Alcohol-DUI/DWI,Alcohol-DUI/DWI,0,1,0,0,0,0,0,0,0,0,0,0,0,0,0,0,0,0,0,0,0,0,0,0,0,0,0,0,0,0,0,0,0,0,0,0,0
192061236,Tulsa,northern,,City Street,1,0.0,0.0,property_damage,0.0,0,0.0,0.0,0.0,ANGLE-TURNING,ANGLE-TURNING,36.2692079,-95.8549865,2019,2019-07-12,11.58,2,0,N,       ,Y,N,1,Clear,Daylight,1.0,7,0,No Roadway Departure,0,N,0.0,D,2.0,25.0,M,Y,1.0,Apparently Normal,99.0,0,0,0,No Improper Action by Driver,No Improper Action by Driver,0,0,0,0,0,0,0,0,0,0,0,0,0,0,0,0,0,0,0,0,0,0,0,0,0,0,1,0,0,0,0,0,0,0,0,0,0
192071897,Rogers,northern,,City Street,1,0.0,0.0,possible_injury,0.0,0,0.0,0.0,1.0,OTHER,OTHER,36.3125964,-95.5999954,2019,2019-06-16,9.14,2,0,N,       ,Y,N,1,Cloudy,Daylight,2.0,20,0,Fixed Object,0,Y,0.0,D,20.0,72.0,M,Y,2.0,Drinking - Ability Impaired,4.0,1,0,0,Alcohol-DUI/DWI,Alcohol-DUI/DWI,0,1,0,0,0,0,0,0,0,0,0,0,0,0,0,0,0,0,0,0,0,0,0,0,0,0,0,0,0,0,0,0,0,0,0,0,0
192191642,Washington,northern,,City Street,1,0.0,0.0,incapacitating_injury,1.0,0,1.0,0.0,0.0,PEDESTRIAN,PEDESTRIAN,36.7424954,-95.9295869,2019,2019-07-06,21.28,1,0,N,       ,N,Y,1,Clear,Dark / Lighted,1.0,23,1,No Roadway Departure,0,N,0.0,P,0.0,39.0,M,N,4.0,Illigal Drugs,0.0,0,0,0,Pedestrian Action,Pedestrian Action,0,0,0,0,0,0,0,0,0,0,0,0,0,0,0,0,0,0,0,0,0,0,0,0,0,0,0,0,0,1,0,0,0,0,0,0,0
192191650,Washington,northern,,City Street,1,0.0,0.0,possible_injury,0.0,0,0.0,0.0,2.0,RIGHT-ANGLE,RIGHT-ANGLE,36.755333,-95.9848423,2019,2019-07-03,13.54,2,0,N,       ,N,Y,1,Clear,Daylight,1.0,1,0,No Roadway Departure,0,N,0.0,D,21.0,41.0,M,Y,2.0,Illigal Drugs,4.0,0,0,0,Failed to Yield,From Yield Sign,0,0,0,0,0,0,0,0,0,0,0,0,0,0,0,1,0,0,0,0,0,0,0,0,0,0,0,0,0,0,0,0,0,0,0,0,0
192191656,Washington,northern,,City Street,5,0.0,0.0,fatal,0.0,1,0.0,0.0,0.0,SIDESWIPE-OPP,SIDESWIPE-OPP,36.75912961,-95.9894647,2019,2019-07-01,21.25,3,0,N,       ,Y,N,1,Clear,Dark / Unlighted,1.0,17,0,Roadway Departure Right,0,N,0.0,D,2.0,82.0,F,Y,5.0,Odor of Alcohol Beverage,99.0,1,0,0,Left of Center,In Meeting,0,0,0,0,0,0,0,0,0,0,0,0,0,0,0,0,0,0,0,0,0,0,0,0,0,1,0,0,0,0,0,0,0,0,0,1,0
192201675,Tulsa,northern,SH-20,State Highway,1,21.0,0.0,non_incapacitating_injury,1.0,0,0.0,1.0,0.0,ANGLE-TURNING,ANGLE-TURNING,36.32200179,-95.82135726,2017,2017-07-22,23.0,2,0,N,       ,Y,N,1,Clear,Dark / Lighted,1.0,6,0,No Roadway Departure,0,N,2.0,D,20.0,34.0,F,Y,3.0,Odor of Alcohol Beverage,99.0,0,0,0,Failed to Stop,For Traffic Signal,0,0,0,0,0,0,0,0,0,0,0,0,0,0,1,0,0,0,0,0,0,0,0,0,0,0,0,0,0,0,0,0,0,0,0,0,0
192201679,Tulsa,northern,,City Street,1,80.0,99.0,property_damage,0.0,0,0.0,0.0,0.0,REAR-END,REAR-END,36.2785404,-95.8549384,2019,2019-07-26,19.14,2,0,N,       ,Y,N,1,Clear,Daylight,1.0,2,0,No Roadway Departure,0,Y,0.0,D,20.0,35.0,F,Y,1.0,Odor of Alcohol Beverage,4.0,0,0,0,Improper Use of Lane,Improper Use of Lane,0,0,0,0,0,0,0,0,0,0,0,0,0,0,0,0,0,0,0,0,0,0,0,1,0,0,0,0,0,0,0,0,0,0,0,0,0
192311357,Rogers,northern,SH-66,State Highway,0,0.0,0.0,incapacitating_injury,1.0,0,1.0,0.0,1.0,REAR-END,REAR-END,36.19439378,-95.73134239,2019,2019-07-03,16.55,2,0,N,       ,N,Y,1,Rain,Daylight,2.0,3,0,No Roadway Departure,0,N,0.0,D,15.0,23.0,M,Y,4.0,Apparently Normal,7.0,0,0,0,No Improper Action by Driver,No Improper Action by Driver,0,0,0,0,0,0,0,0,0,0,0,0,0,0,0,0,0,0,0,0,0,0,0,0,0,0,1,0,0,0,0,0,0,0,1,0,0
192311358,Rogers,northern,SH-167,State Highway,1,0.0,0.0,incapacitating_injury,2.0,0,2.0,0.0,0.0,ANGLE-TURNING,ANGLE-TURNING,36.16504457,-95.76168056,2019,2019-07-06,23.38,2,0,N,       ,Y,N,1,Clear,Dark / Lighted,1.0,7,0,No Roadway Departure,0,N,0.0,D,4.0,46.0,M,Y,1.0,Drinking - Ability Impaired,4.0,0,0,0,Alcohol-DUI/DWI,Alcohol-DUI/DWI,0,1,0,0,0,0,0,0,0,0,0,0,0,0,0,0,0,0,0,0,0,0,0,0,0,0,0,0,0,0,0,0,0,0,0,0,0
192411018,Tulsa,northern,US-169,US Route,0,10.0,0.0,property_damage,0.0,0,0.0,0.0,0.0,REAR-END,REAR-END,36.27831271,-95.84783,2019,2019-08-14,5.08,2,0,N,       ,Y,N,1,Clear,Dark / Unlighted,1.0,2,0,Crossover Median,0,Y,0.0,D,2.0,22.0,F,Y,1.0,Drinking - Ability Impaired,4.0,0,0,0,Alcohol-DUI/DWI,Alcohol-DUI/DWI,0,1,0,0,0,0,0,0,0,0,0,0,0,0,0,0,0,0,0,0,0,0,0,0,0,0,0,0,0,0,0,0,0,0,0,1,0
192485768,Muskogee,southern,SH-165,State Highway,1,20.0,0.0,property_damage,0.0,0,0.0,0.0,0.0,ANGLE-TURNING,ANGLE-TURNING,35.78371966,-95.31051479,2019,2019-07-08,11.49,2,0,N,       ,Y,N,1,Cloudy,Daylight,1.0,6,0,No Roadway Departure,0,N,0.0,D,4.0,56.0,M,Y,1.0,Drinking - Ability Impaired,4.0,0,0,0,Failed to Yield,From Stop Sign,0,0,0,0,0,0,0,0,0,0,0,0,0,0,0,1,0,0,0,0,0,0,0,0,0,0,0,0,0,0,0,0,0,0,0,0,0
192491067,Sequoyah,southern,US-64,US Route,1,0.0,0.0,incapacitating_injury,1.0,0,1.0,0.0,0.0,ANGLE-TURNING,ANGLE-TURNING,35.46118833,-94.77819282,2019,2019-07-31,18.09,2,0,N,       ,N,Y,1,Clear,Daylight,1.0,7,0,No Roadway Departure,0,N,0.0,D,20.0,66.0,F,Y,1.0,Apparently Normal,4.0,1,0,0,Failed to Yield,Other,0,0,0,0,0,0,0,0,0,0,0,0,0,0,0,1,0,0,0,0,0,0,0,0,0,0,0,0,0,0,0,0,0,0,0,0,0
192492102,Washington,northern,,City Street,6,0.0,0.0,non_incapacitating_injury,1.0,0,0.0,1.0,0.0,F-O GUARDRL-FACE,FIXED-OBJECT,36.7545884,-95.96361017,2019,2019-08-23,22.03,1,0,N,       ,Y,N,1,Cloudy,Dark / Unlighted,1.0,20,0,Roadway Departure Right,0,N,0.0,D,15.0,40.0,M,Y,3.0,Odor of Alcohol Beverage,99.0,0,0,0,Unsafe Speed,Exceeding Legal Limit,0,0,0,0,0,0,0,0,0,0,0,0,0,0,0,0,0,0,0,0,0,0,0,0,0,0,0,0,0,0,0,1,0,0,0,1,0