crash_id,county,region,highway_name,highway_class,intersection_rel,special_feature_1,special_feature_2,severity_level,visual_injured_num,fatal_num,suspected_serious_injured_num,non_incapacitated_injured_num,possibly_injured_num,crash_type,main_crash_type,latitude,longitude,year,date,time,number_of_vehicles,number_of_commercial_vehicles,work_zone,railroad_crossing,alcohol,drug,Alcohol or Drug,weather_condition,lighting_condition,road_condition,manner_of_collision,pedestrians_num,roadway_departure,cross_centerline,hit_and_run,emergency_vehicle_use,unit_type,vehicle_type,age,sex,driver_of_vehicle,injury_severity,person_condition,restraint_use,older_driver,teen_driver,Sleepy/Ill/Dizzy Driver,unsafe_unlaw_category,unsafe_unlaw_desc,Abnormal Traffic Control,Alcohol-DUI/DWI,Animal in Roadway,Apparently Sleepy,Avoiding Other Vehicle,Avoiding Pedestrian,Changed Lanes Unsafely,Deer in Roadway,Defect in Roadway,Disregarded Warning Signal,Domestic Animal in Roadway,Drug-DUI,Failed to Secure Load,Failed to Signal,Failed to Stop,Failed to Yield,Followed too Closely,Improper Backing,Improper Bicyclist Action,Improper Overtaking,Improper Parking,Improper Start From,Improper Turn,Improper Use of Lane,Distraction,Left of Center,No Improper Action by Driver,Object/Debris in Roadway,Other Improper Act/Movement,Pedestrian Action,Stopped in Traffic Lane,Speeding,Unsafe Vehicle,Wrong Way,Bad Weather,Bad Lighting,Bad Road Condition
203280990,Tulsa,northern,,City Street,8,0.0,5.0,non_incapacitating_injury,2.0,0,0.0,2.0,0.0,HEAD-ON,HEAD-ON,36.26400622,-95.84171751,2020,2020-10-04,0.59,2,0,Y,       ,Y,N,1,Clear,Dark / Unlighted,1.0,18,0,No Roadway Departure,0,N,0.0,D,2.0,26.0,M,Y,3.0,Drinking - Ability Impaired,1.0,0,0,0,Improper Use of Lane,Improper Use of Lane,0,0,0,0,0,0,0,0,0,0,0,0,0,0,0,0,0,0,0,0,0,0,0,1,0,0,0,0,0,0,0,0,0,0,0,1,0
203280993,Rogers,northern,SH-66,State Highway,0,75.0,0.0,possible_injury,0.0,0,0.0,0.0,2.0,OTHER,OTHER,36.23155997,-95.6939999,2020,2020-10-26,13.03,2,0,N,       ,Y,N,1,Rain,Daylight,2.0,19,0,Roadway Departure Left,0,N,2.0,D,20.0,29.0,M,Y,1.0,Apparently Normal,99.0,0,0,0,Unsafe Speed,Rain or Wet Roadway,0,0,0,0,0,0,0,0,0,0,0,0,0,0,0,0,0,0,0,0,0,0,0,0,0,0,0,0,0,0,0,1,0,0,1,0,0
203291884,Rogers,northern,,City Street,1,0.0,0.0,non_incapacitating_injury,1.0,0,0.0,1.0,0.0,F-O CULVERT,FIXED-OBJECT,36.3218383,-95.6087929,2020,2020-10-08,0.18,1,0,N,       ,Y,N,1,Cloudy,Dark / Unlighted,1.0,20,0,Roadway Departure Right,0,N,0.0,D,20.0,74.0,F,Y,3.0,Odor of Alcohol Beverage,1.0,1,0,0,Improper Turn,From Direct Course,0,0,0,0,0,0,0,0,0,0,0,0,0,0,0,0,0,0,0,0,0,0,1,0,0,0,0,0,0,0,0,0,0,0,0,1,0
203291905,Rogers,northern,,City Street,1,0.0,0.0,possible_injury,0.0,0,0.0,0.0,1.0,REAR-END,REAR-END,36.3157899,-95.6154445,2020,2020-10-17,17.28,2,0,N,       ,Y,N,1,Clear,Daylight,1.0,4,0,No Roadway Departure,0,Y,0.0,D,99.0,0.0,M,Y,1.0,Unknown,99.0,0,0,0,Other Improper Act/Movement,Other,0,0,0,0,0,0,0,0,0,0,0,0,0,0,0,0,0,0,0,0,0,0,0,0,0,0,0,0,1,0,0,0,0,0,0,0,0
203292287,Tulsa,northern,US-169,US Route,1,20.0,0.0,property_damage,0.0,0,0.0,0.0,0.0,REAR-END,REAR-END,36.27831271,-95.84783,2020,2020-10-27,18.05,3,0,N,       ,Y,N,1,Rain,Dark / Lighted,2.0,2,0,No Roadway Departure,0,N,2.0,D,1.0,60.0,F,Y,1.0,Drinking - Ability Impaired,4.0,0,0,0,Alcohol-DUI/DWI,Alcohol-DUI/DWI,0,1,0,0,0,0,0,0,0,0,0,0,0,0,0,0,0,0,0,0,0,0,0,0,0,0,0,0,0,0,0,0,0,0,1,0,0
203461636,Cherokee,southern,SH-82,State Highway,1,0.0,0.0,non_incapacitating_injury,1.0,0,0.0,1.0,0.0,F-O TREE,FIXED-OBJECT,35.95129075,-94.96681396,2020,2020-11-11,23.3,1,0,N,       ,Y,N,1,Clear,Dark / Unlighted,1.0,41,0,Roadway Departure Right,0,N,0.0,D,20.0,35.0,F,Y,3.0,Drinking - Ability Impaired,4.0,0,0,0,Alcohol-DUI/DWI,Alcohol-DUI/DWI,0,1,0,0,0,0,0,0,0,0,0,0,0,0,0,0,0,0,0,0,0,0,0,0,0,0,0,0,0,0,0,0,0,0,0,1,0
203461654,Cherokee,southern,,City Street,8,80.0,99.0,property_damage,0.0,0,0.0,0.0,0.0,RIGHT-ANGLE,RIGHT-ANGLE,35.912831,-94.97772323,2020,2020-11-24,21.54,1,0,N,       ,Y,N,1,Rain,Dark / Lighted,2.0,1,0,Roadway Departure Left,0,Y,0.0,D,4.0,30.0,M,Y,1.0,Drinking - Ability Impaired,99.0,0,0,0,Alcohol-DUI/DWI,Alcohol-DUI/DWI,0,1,0,0,0,0,0,0,0,0,0,0,0,0,0,0,0,0,0,0,0,0,0,0,0,0,0,0,0,0,0,0,0,0,1,0,0
203461715,Rogers,northern,SH-66,State Highway,1,0.0,0.0,property_damage,0.0,0,0.0,0.0,0.0,REAR-END,REAR-END,36.24811407,-95.66994247,2020,2020-12-04,17.37,2,0,N,       ,Y,N,1,Clear,Dark / Unlighted,1.0,2,0,No Roadway Departure,0,N,0.0,D,2.0,31.0,M,Y,1.0,Drinking - Ability Impaired,99.0,0,0,0,Alcohol-DUI/DWI,Alcohol-DUI/DWI,0,1,0,0,0,0,0,0,0,0,0,0,0,0,0,0,0,0,0,0,0,0,0,0,0,0,0,0,0,0,0,0,0,0,0,1,0
203560953,Tulsa,northern,US-169,US Route,0,0.0,0.0,property_damage,0.0,0,0.0,0.0,0.0,ROLLOVER,ROLLOVER,36.3302179,-95.82105274,2020,2020-11-21,13.53,1,0,N,       ,Y,Y,1,Cloudy,Daylight,2.0,20,0,Roadway Departure Right,0,N,0.0,D,2.0,31.0,F,Y,1.0,Drinking - Ability Impaired,1.0,0,0,0,Drug-DUI,Drug-DUI,0,0,0,0,0,0,0,0,0,0,0,1,0,0,0,0,0,0,0,0,0,0,0,0,0,0,0,0,0,0,0,0,0,0,0,0,0
203560967,Tulsa,northern,US-169,US Route,0,0.0,0.0,property_damage,0.0,0,0.0,0.0,0.0,REAR-END,REAR-END,36.32238576,-95.82104191,2020,2020-11-21,14.2,2,0,N,       ,Y,N,1,Cloudy,Daylight,2.0,2,0,No Roadway Departure,0,N,0.0,D,20.0,17.0,F,Y,1.0,Apparently Normal,4.0,0,1,0,Followed too Closely,Traffic Condition,0,0,0,0,0,0,0,0,0,0,0,0,0,0,0,0,1,0,0,0,0,0,0,0,0,0,0,0,0,0,0,0,0,0,0,0,0
203640442,Rogers,northern,SH-66,State Highway,1,1.0,0.0,property_damage,0.0,0,0.0,0.0,0.0,ANGLE-TURNING,ANGLE-TURNING,36.31829246,-95.61242996,2020,2020-11-10,16.3,2,0,N,       ,N,Y,1,Clear,Daylight,1.0,12,0,No Roadway Departure,0,N,0.0,D,21.0,37.0,F,Y,1.0,Apparently Normal,4.0,0,0,0,No Improper Action by Driver,No Improper Action by Driver,0,0,0,0,0,0,0,0,0,0,0,0,0,0,0,0,0,0,0,0,0,0,0,0,0,0,1,0,0,0,0,0,0,0,0,0,0
210074321,Rogers,northern,SH-66,State Highway,1,0.0,0.0,non_incapacitating_injury,1.0,0,0.0,1.0,0.0,OTH-BACKING,OTH-BACKING,36.25607265,-95.66132156,2020,2020-12-31,17.5,2,0,N,       ,Y,N,1,Rain,Dark / Unlighted,2.0,27,0,No Roadway Departure,0,N,0.0,D,2.0,20.0,M,Y,1.0,Apparently Normal,4.0,0,0,0,No Improper Action by Driver,No Improper Action by Driver,0,0,0,0,0,0,0,0,0,0,0,0,0,0,0,0,0,0,0,0,0,0,0,0,0,0,1,0,0,0,0,0,0,0,1,1,0
210081217,Rogers,northern,SH-66,State Highway,0,1.0,0.0,possible_injury,0.0,0,0.0,0.0,2.0,ANGLE-TURNING,ANGLE-TURNING,36.19515294,-95.73081737,2020,2020-12-06,18.43,2,0,N,       ,Y,N,1,Clear,Dark / Unlighted,1.0,6,0,Roadway Departure Right,0,N,0.0,D,2.0,22.0,F,Y,1.0,Odor of Alcohol Beverage,4.0,0,0,0,Failed to Yield,Private Drive,0,0,0,0,0,0,0,0,0,0,0,0,0,0,0,1,0,0,0,0,0,0,0,0,0,0,0,0,0,0,0,0,0,0,0,1,0
210081428,Washington,northern,,City Street,7,0.0,0.0,possible_injury,0.0,0,0.0,0.0,3.0,HEAD-ON,HEAD-ON,36.73130839,-95.9306708,2020,2020-12-17,14.19,2,0,N,       ,Y,N,1,Clear,Daylight,1.0,18,0,No Roadway Departure,0,N,0.0,D,2.0,37.0,M,Y,1.0,Apparently Normal,99.0,0,0,0,Alcohol-DUI/DWI,Alcohol-DUI/DWI,0,1,0,0,0,0,0,0,0,0,0,0,0,0,0,0,0,0,0,0,0,0,0,0,0,0,0,0,0,0,0,0,0,0,0,0,0
210081467,Washington,northern,,City Street,7,0.0,0.0,possible_injury,0.0,0,0.0,0.0,1.0,F-O OTHER,FIXED-OBJECT,36.74219129,-95.9750911,2020,2020-12-02,20.51,1,0,N,       ,Y,N,1,Rain,Daylight,2.0,19,0,Roadway Departure Left,0,N,0.0,D,4.0,32.0,M,Y,2.0,Apparently Normal,4.0,0,0,0,Alcohol-DUI/DWI,Alcohol-DUI/DWI,0,1,0,0,0,0,0,0,0,0,0,0,0,0,0,0,0,0,0,0,0,0,0,0,0,0,0,0,0,0,0,0,0,0,1,0,0
210115349,Cherokee,southern,,City Street,7,99.0,80.0,property_damage,0.0,0,0.0,0.0,0.0,ANGLE-TURNING,ANGLE-TURNING,35.92584519,-94.9668179,2020,2020-12-05,2.53,4,0,N,       ,Y,N,1,Clear,Dark / Lighted,1.0,9,0,Roadway Departure Left,0,Y,0.0,D,4.0,21.0,M,Y,1.0,Drinking - Ability Impaired,99.0,0,0,0,Alcohol-DUI/DWI,Alcohol-DUI/DWI,0,1,0,0,0,0,0,0,0,0,0,0,0,0,0,0,0,0,0,0,0,0,0,0,0,0,0,0,0,0,0,0,0,0,0,0,0
210192187,Rogers,northern,SH-66,State Highway,1,0.0,0.0,property_damage,0.0,0,0.0,0.0,0.0,REAR-END,REAR-END,36.24811407,-95.66994247,2021,2021-01-12,15.15,3,0,N,       ,Y,N,1,Clear,Daylight,1.0,2,0,Roadway Departure Left,0,Y,2.0,D,2.0,32.0,M,Y,1.0,Apparently Normal,4.0,0,0,0,Alcohol-DUI/DWI,Alcohol-DUI/DWI,0,1,0,0,0,0,0,0,0,0,0,0,0,0,0,0,0,0,0,0,0,0,0,0,0,0,0,0,0,0,0,0,0,0,0,0,0
210211514,Adair,southern,SH-51,State Highway,1,0.0,0.0,possible_injury,0.0,0,0.0,0.0,1.0,F-O TRAFF-SIGN,FIXED-OBJECT,35.83741827,-94.63110343,2020,2020-11-14,23.45,1,0,N,       ,Y,N,1,Clear,Dark / Unlighted,1.0,20,0,Fixed Object,0,N,0.0,D,2.0,56.0,M,Y,1.0,Drinking - Ability Impaired,4.0,0,0,0,Improper Turn,From Wrong Lane,0,0,0,0,0,0,0,0,0,0,0,0,0,0,0,0,0,0,0,0,0,0,1,0,0,0,0,0,0,0,0,0,0,0,0,1,0
210252483,Mayes,northern,US-69,US Route,1,0.0,0.0,possible_injury,0.0,0,0.0,0.0,1.0,REAR-END,REAR-END,36.31435987,-95.31615291,2021,2021-01-04,14.48,2,0,N,       ,Y,N,1,Cloudy,Daylight,1.0,2,0,No Roadway Departure,0,Y,0.0,D,4.0,73.0,M,Y,2.0,Drinking - Ability Impaired,1.0,1,0,0,Alcohol-DUI/DWI,Alcohol-DUI/DWI,0,1,0,0,0,0,0,0,0,0,0,0,0,0,0,0,0,0,0,0,0,0,0,0,0,0,0,0,0,0,0,0,0,0,0,0,0
210432043,Cherokee,southern,,City Street,1,80.0,99.0,property_damage,0.0,0,0.0,0.0,0.0,RIGHT-ANGLE,RIGHT-ANGLE,35.910561,-94.969815,2021,2021-01-03,2.51,1,0,N,       ,Y,N,1,Clear,Dark / Lighted,1.0,1,0,Roadway Departure Left,0,N,0.0,D,4.0,35.0,M,Y,1.0,Drinking - Ability Impaired,99.0,0,0,0,Alcohol-DUI/DWI,Alcohol-DUI/DWI,0,1,0,0,0,0,0,0,0,0,0,0,0,0,0,0,0,0,0,0,0,0,0,0,0,0,0,0,0,0,0,0,0,0,0,0,0
210432075,Rogers,northern,SH-20,State Highway,1,0.0,0.0,incapacitating_injury,4.0,0,3.0,1.0,0.0,RIGHT-ANGLE,RIGHT-ANGLE,36.31357498,-95.6185124,2021,2021-01-26,22.58,6,0,N,       ,Y,Y,1,Clear,Dark / Lighted,1.0,1,0,Fixed Object,0,N,0.0,D,4.0,57.0,M,Y,4.0,Apparently Normal,4.0,0,0,0,No Improper Action by Driver,No Improper Action by Driver,0,0,0,0,0,0,0,0,0,0,0,0,0,0,0,0,0,0,0,0,0,0,0,0,0,0,1,0,0,0,0,0,0,0,0,0,0
210501124,Tulsa,northern,US-169,US Route,0,0.0,0.0,property_damage,0.0,0,0.0,0.0,0.0,OTHER,OTHER,36.25496236,-95.84795546,2021,2021-01-01,1.25,1,0,N,       ,Y,N,1,Rain,Dark / Unlighted,2.0,20,0,Roadway Departure Right,0,N,0.0,D,2.0,23.0,M,Y,1.0,Odor of Alcohol Beverage,4.0,0,0,0,Alcohol-DUI/DWI,Alcohol-DUI/DWI,0,1,0,0,0,0,0,0,0,0,0,0,0,0,0,0,0,0,0,0,0,0,0,0,0,0,0,0,0,0,0,0,0,0,1,1,0
210690929,Washington,northern,US-75,US Route,0,0.0,0.0,property_damage,0.0,0,0.0,0.0,0.0,F-O CURB,FIXED-OBJECT,36.70821236,-95.93516323,2021,2021-01-23,0.38,1,0,N,       ,N,Y,1,Clear,Dark / Lighted,1.0,19,0,Roadway Departure Left,0,Y,0.0,D,2.0,41.0,M,Y,1.0,Illigal Drugs,1.0,0,0,0,Unsafe Speed,Other,0,0,0,0,0,0,0,0,0,0,0,0,0,0,0,0,0,0,0,0,0,0,0,0,0,0,0,0,0,0,0,1,0,0,0,0,0
210691292,Washington,northern,,City Street,1,0.0,0.0,possible_injury,0.0,0,0.0,0.0,1.0,F-O DITCH,FIXED-OBJECT,36.7402219,-95.9865399,2021,2021-02-01,4.0,1,0,N,       ,Y,N,1,Clear,Daylight,1.0,41,0,Fixed Object,0,N,0.0,D,4.0,51.0,M,Y,2.0,Drinking - Ability Impaired,1.0,0,0,0,Alcohol-DUI/DWI,Alcohol-DUI/DWI,0,1,0,0,0,0,0,0,0,0,0,0,0,0,0,0,0,0,0,0,0,0,0,0,0,0,0,0,0,0,0,0,0,0,0,0,0
210700736,Cherokee,southern,US-62,US Route,1,0.0,0.0,property_damage,0.0,0,0.0,0.0,0.0,REAR-END,REAR-END,35.90831351,-94.9569649,2021,2021-02-24,8.25,2,0,N,       ,N,Y,1,Clear,Daylight,1.0,2,0,No Roadway Departure,0,Y,0.0,D,20.0,60.0,F,Y,1.0,Illigal Drugs,4.0,0,0,0,Drug-DUI,Drug-DUI,0,0,0,0,0,0,0,0,0,0,0,1,0,0,0,0,0,0,0,0,0,0,0,0,0,0,0,0,0,0,0,0,0,0,0,0,0
210832465,Rogers,northern,I-44,Turnpike Interstate,0,10.0,0.0,property_damage,0.0,0,0.0,0.0,0.0,SIDESWIPE-SAME,SIDESWIPE-SAME,36.24938334,-95.65466153,2021,2021-03-21,13.3,2,1,N,       ,N,Y,1,Clear,Daylight,1.0,16,0,No Roadway Departure,0,N,2.0,D,4.0,69.0,M,Y,1.0,Apparently Normal,4.0,1,0,0,No Improper Action by Driver,No Improper Action by Driver,0,0,0,0,0,0,0,0,0,0,0,0,0,0,0,0,0,0,0,0,0,0,0,0,0,0,1,0,0,0,0,0,0,0,0,0,0
210882263,Mayes,northern,SH-20,State Highway,1,0.0,0.0,incapacitating_injury,1.0,0,1.0,0.0,0.0,REAR-END,REAR-END,36.3080925,-95.31837984,2021,2021-03-18,20.28,3,0,N,       ,Y,N,1,Cloudy,Dark / Lighted,1.0,2,0,No Roadway Departure,0,N,0.0,D,2.0,56.0,M,Y,1.0,Under the Influence of Medication,4.0,0,0,0,Alcohol-DUI/DWI,Alcohol-DUI/DWI,0,1,0,0,0,0,0,0,0,0,0,0,0,0,0,0,0,0,0,0,0,0,0,0,0,0,0,0,0,0,0,0,0,0,0,0,0
210981284,Washington,northern,,City Street,6,0.0,0.0,incapacitating_injury,1.0,0,1.0,0.0,0.0,OTHER,OTHER,36.7545884,-95.96361017,2021,2021-03-04,2.4,2,0,N,       ,Y,N,1,Clear,Dark / Unlighted,1.0,20,0,Roadway Departure Right,0,N,0.0,D,2.0,27.0,M,Y,1.0,Drinking - Ability Impaired,4.0,0,0,0,Alcohol-DUI/DWI,Alcohol-DUI/DWI,0,1,0,0,0,0,0,0,0,0,0,0,0,0,0,0,0,0,0,0,0,0,0,0,0,0,0,0,0,0,0,0,0,0,0,1,0
210992142,Rogers,northern,I-44,Interstate,1,21.0,0.0,non_incapacitating_injury,1.0,0,0.0,1.0,0.0,RIGHT-ANGLE,RIGHT-ANGLE,36.16254689,-95.76195288,2021,2021-03-14,3.25,2,0,N,       ,Y,N,1,Clear,Dark / Lighted,2.0,1,0,Fixed Object,0,N,2.0,D,20.0,50.0,F,Y,3.0,Odor of Alcohol Beverage,4.0,0,0,0,Failed to Stop,For Traffic Signal,0,0,0,0,0,0,0,0,0,0,0,0,0,0,1,0,0,0,0,0,0,0,0,0,0,0,0,0,0,0,0,0,0,0,0,0,0
211021784,Cherokee,southern,US-62,US Route,1,0.0,0.0,property_damage,0.0,0,0.0,0.0,0.0,REAR-END,REAR-END,35.87625356,-94.97618328,2021,2021-03-09,7.02,3,0,N,       ,Y,N,1,Clear,Daylight,1.0,2,0,No Roadway Departure,0,N,0.0,D,20.0,21.0,F,Y,1.0,Apparently Normal,4.0,0,0,0,Followed too Closely,Human Element,0,0,0,0,0,0,0,0,0,0,0,0,0,0,0,0,1,0,0,0,0,0,0,0,0,0,0,0,0,0,0,0,0,0,0,0,0
211032036,Tulsa,northern,SH-20,State Highway,1,0.0,0.0,property_damage,0.0,0,0.0,0.0,0.0,ANGLE-TURNING,ANGLE-TURNING,36.32201941,-95.81956505,2021,2021-03-29,16.32,2,0,N,       ,Y,N,1,Clear,Daylight,1.0,7,0,No Roadway Departure,0,N,0.0,D,4.0,17.0,M,Y,1.0,Apparently Normal,4.0,0,1,0,Failed to Yield,To Vehicle in Intersection,0,0,0,0,0,0,0,0,0,0,0,0,0,0,0,1,0,0,0,0,0,0,0,0,0,0,0,0,0,0,0,0,0,0,0,0,0
211040451,Rogers,northern,SH-88,State Highway,1,0.0,0.0,non_incapacitating_injury,1.0,0,0.0,1.0,1.0,F-O POLE-OTHER,FIXED-OBJECT,36.32561965,-95.63267999,2021,2021-03-18,0.15,1,0,N,       ,Y,N,1,Rain,Dark / Unlighted,2.0,20,0,Roadway Departure Right,0,N,0.0,D,4.0,40.0,M,Y,3.0,Drinking - Ability Impaired,4.0,0,0,0,Alcohol-DUI/DWI,Alcohol-DUI/DWI,0,1,0,0,0,0,0,0,0,0,0,0,0,0,0,0,0,0,0,0,0,0,0,0,0,0,0,0,0,0,0,0,0,0,1,1,0
211092092,Mayes,northern,SH-20,State Highway,0,10.0,0.0,possible_injury,0.0,0,0.0,0.0,1.0,SIDESWIPE-OPP,SIDESWIPE-OPP,36.29440802,-95.16589197,2021,2021-04-06,18.57,2,0,N,       ,N,Y,1,Clear,Daylight,1.0,17,0,Fixed Object,0,N,0.0,D,2.0,40.0,M,Y,2.0,Illigal Drugs,4.0,0,0,0,Left of Center,Marked Zone,0,0,0,0,0,0,0,0,0,0,0,0,0,0,0,0,0,0,0,0,0,0,0,0,0,1,0,0,0,0,0,0,0,0,0,0,0
211271385,Washington,northern,,City Street,1,0.0,0.0,possible_injury,0.0,0,0.0,0.0,1.0,PEDESTRIAN,PEDESTRIAN,36.7512398,-95.9773432,2021,2021-04-05,21.2,1,0,N,       ,N,Y,1,Clear,Dark / Lighted,1.0,21,1,No Roadway Departure,0,N,0.0,D,2.0,55.0,M,Y,1.0,Illigal Drugs,4.0,0,0,0,Failed to Yield,To Pedestrian,0,0,0,0,0,0,0,0,0,0,0,0,0,0,0,1,0,0,0,0,0,0,0,0,0,0,0,0,0,0,0,0,0,0,0,0,0
211341980,Rogers,northern,SH-66,State Highway,0,0.0,0.0,possible_injury,0.0,0,0.0,0.0,1.0,F-O TREE,FIXED-OBJECT,36.32571254,-95.60720342,2021,2021-04-03,3.48,1,0,N,       ,Y,N,1,Clear,Dark / Unlighted,1.0,20,0,Roadway Departure Right,0,N,0.0,D,20.0,24.0,M,Y,1.0,Drinking - Ability Impaired,4.0,0,0,0,Alcohol-DUI/DWI,Alcohol-DUI/DWI,0,1,0,0,0,0,0,0,0,0,0,0,0,0,0,0,0,0,0,0,0,0,0,0,0,0,0,0,0,0,0,0,0,0,0,1,0
211342004,Cherokee,southern,,City Street,7,99.0,80.0,property_damage,0.0,0,0.0,0.0,0.0,REAR-END,REAR-END,35.90597109,-94.9741168,2021,2021-04-28,2.26,2,0,N,       ,Y,N,1,Rain,Dark / Lighted,2.0,2,0,Roadway Departure Right,0,N,0.0,D,20.0,30.0,M,Y,1.0,Drinking - Ability Impaired,4.0,0,0,0,Alcohol-DUI/DWI,Alcohol-DUI/DWI,0,1,0,0,0,0,0,0,0,0,0,0,0,0,0,0,0,0,0,0,0,0,0,0,0,0,0,0,0,0,0,0,0,0,1,0,0
211370869,Tulsa,northern,,City Street,7,0.0,0.0,non_incapacitating_injury,1.0,0,0.0,1.0,0.0,HEAD-ON,HEAD-ON,36.26736452,-95.84763207,2021,2021-04-17,22.58,2,0,N,       ,Y,N,1,Clear,Dark / Unlighted,1.0,18,0,No Roadway Departure,0,N,0.0,D,2.0,55.0,F,Y,3.0,Drinking - Ability Impaired,1.0,0,0,0,Alcohol-DUI/DWI,Alcohol-DUI/DWI,0,1,0,0,0,0,0,0,0,0,0,0,0,0,0,0,0,0,0,0,0,0,0,0,0,0,0,0,0,0,0,0,0,0,0,1,0
211581454,Delaware,northern,US-59,US Route,1,0.0,0.0,property_damage,0.0,0,0.0,0.0,0.0,RIGHT-ANGLE,RIGHT-ANGLE,36.20520799,-94.77910195,2021,2021-05-26,19.15,2,0,N,       ,Y,N,1,Clear,Daylight,1.0,1,0,No Roadway Departure,0,N,0.0,D,20.0,26.0,F,Y,1.0,Drinking - Ability Impaired,99.0,0,0,0,Alcohol-DUI/DWI,Alcohol-DUI/DWI,0,1,0,0,0,0,0,0,0,0,0,0,0,0,0,0,0,0,0,0,0,0,0,0,0,0,0,0,0,0,0,0,0,0,0,0,0
211581530,Rogers,northern,SH-66,State Highway,0,0.0,0.0,property_damage,0.0,0,0.0,0.0,0.0,F-O CULVERT,FIXED-OBJECT,36.24331519,-95.67513522,2021,2021-05-28,21.39,1,0,N,       ,Y,N,1,Clear,Dark / Unlighted,1.0,19,0,Roadway Departure Left,0,N,0.0,D,4.0,42.0,M,Y,1.0,Drinking - Ability Impaired,4.0,0,0,0,Alcohol-DUI/DWI,Alcohol-DUI/DWI,0,1,0,0,0,0,0,0,0,0,0,0,0,0,0,0,0,0,0,0,0,0,0,0,0,0,0,0,0,0,0,0,0,0,0,1,0
211620702,Cherokee,southern,SH-51,State Highway,1,0.0,0.0,property_damage,0.0,0,0.0,0.0,0.0,F-O TRAFF-SIGN,FIXED-OBJECT,35.92027686,-95.00614385,2021,2021-05-06,3.3,1,0,N,       ,N,Y,1,Clear,Dark / Unlighted,1.0,20,0,Roadway Departure Right,0,N,0.0,D,2.0,22.0,M,Y,1.0,Apparently Normal,4.0,0,0,0,Drug-DUI,Drug-DUI,0,0,0,0,0,0,0,0,0,0,0,1,0,0,0,0,0,0,0,0,0,0,0,0,0,0,0,0,0,0,0,0,0,0,0,1,0
211651930,Rogers,northern,,City Street,7,0.0,0.0,non_incapacitating_injury,1.0,0,0.0,1.0,1.0,HEAD-ON,HEAD-ON,36.31577929,-95.5955097,2021,2021-05-04,19.37,2,0,N,       ,Y,N,1,Clear,Daylight,1.0,18,0,No Roadway Departure,0,N,0.0,D,2.0,46.0,F,Y,3.0,Apparently Normal,4.0,0,0,0,No Improper Action by Driver,No Improper Action by Driver,0,0,0,0,0,0,0,0,0,0,0,0,0,0,0,0,0,0,0,0,0,0,0,0,0,0,1,0,0,0,0,0,0,0,0,0,0
211651937,Rogers,northern,SH-66,State Highway,1,0.0,0.0,property_damage,0.0,0,0.0,0.0,0.0,REAR-END,REAR-END,36.2916617,-95.63170558,2021,2021-05-14,16.06,2,0,N,       ,N,Y,1,Clear,Daylight,1.0,2,0,No Roadway Departure,0,N,0.0,D,20.0,49.0,F,Y,1.0,Under the Influence of Medication,4.0,0,0,0,Drug-DUI,Drug-DUI,0,0,0,0,0,0,0,0,0,0,0,1,0,0,0,0,0,0,0,0,0,0,0,0,0,0,0,0,0,0,0,0,0,0,0,0,0
211651942,Rogers,northern,SH-20,State Highway,0,0.0,0.0,possible_injury,0.0,0,0.0,0.0,2.0,SIDESWIPE-OPP,SIDESWIPE-OPP,36.31083664,-95.6145005,2021,2021-05-13,10.41,2,0,N,       ,N,Y,1,Clear,Daylight,1.0,17,0,No Roadway Departure,0,N,0.0,D,2.0,31.0,F,Y,2.0,Under the Influence of Medication,4.0,0,0,0,Drug-DUI,Drug-DUI,0,0,0,0,0,0,0,0,0,0,0,1,0,0,0,0,0,0,0,0,0,0,0,0,0,0,0,0,0,0,0,0,0,0,0,0,0
211671667,Tulsa,northern,US-169,US Route,0,0.0,0.0,possible_injury,0.0,0,0.0,0.0,1.0,OTHER,OTHER,36.3203552,-95.82103911,2021,2021-05-28,2.55,1,0,N,       ,N,Y,1,Clear,Dark / Unlighted,1.0,19,0,Roadway Departure Left,1,N,0.0,D,2.0,40.0,M,Y,2.0,Illigal Drugs,1.0,0,0,0,Drug-DUI,Drug-DUI,0,0,0,0,0,0,0,0,0,0,0,1,0,0,0,0,0,0,0,0,0,0,0,0,0,0,0,0,0,0,0,0,0,0,0,1,0
211720831,Delaware,northern,US-59,US Route,1,0.0,0.0,non_incapacitating_injury,2.0,0,0.0,2.0,1.0,REAR-END,REAR-END,36.58033735,-94.76910035,2021,2021-03-01,10.25,2,0,N,       ,N,Y,1,Clear,Daylight,1.0,2,0,No Roadway Departure,0,N,2.0,D,20.0,86.0,M,Y,3.0,Under the Influence of Medication,4.0,1,0,0,Drug-DUI,Drug-DUI,0,0,0,0,0,0,0,0,0,0,0,1,0,0,0,0,0,0,0,0,0,0,0,0,0,0,0,0,0,0,0,0,0,0,0,0,0