crash_id,county,region,highway_name,highway_class,intersection_rel,special_feature_1,special_feature_2,severity_level,visual_injured_num,fatal_num,suspected_serious_injured_num,non_incapacitated_injured_num,possibly_injured_num,crash_type,main_crash_type,latitude,longitude,year,date,time,number_of_vehicles,number_of_commercial_vehicles,work_zone,railroad_crossing,alcohol,drug,Alcohol or Drug,weather_condition,lighting_condition,road_condition,manner_of_collision,pedestrians_num,roadway_departure,cross_centerline,hit_and_run,emergency_vehicle_use,unit_type,vehicle_type,age,sex,driver_of_vehicle,injury_severity,person_condition,restraint_use,older_driver,teen_driver,Sleepy/Ill/Dizzy Driver,unsafe_unlaw_category,unsafe_unlaw_desc,Abnormal Traffic Control,Alcohol-DUI/DWI,Animal in Roadway,Apparently Sleepy,Avoiding Other Vehicle,Avoiding Pedestrian,Changed Lanes Unsafely,Deer in Roadway,Defect in Roadway,Disregarded Warning Signal,Domestic Animal in Roadway,Drug-DUI,Failed to Secure Load,Failed to Signal,Failed to Stop,Failed to Yield,Followed too Closely,Improper Backing,Improper Bicyclist Action,Improper Overtaking,Improper Parking,Improper Start From,Improper Turn,Improper Use of Lane,Distraction,Left of Center,No Improper Action by Driver,Object/Debris in Roadway,Other Improper Act/Movement,Pedestrian Action,Stopped in Traffic Lane,Speeding,Unsafe Vehicle,Wrong Way,Bad Weather,Bad Lighting,Bad Road Condition
211740755,Washington,northern,US-75,US Route,1,0.0,0.0,possible_injury,0.0,0,0.0,0.0,1.0,ANGLE-TURNING,ANGLE-TURNING,36.80266212,-95.93561861,2021,2021-06-18,17.0,2,0,N,       ,Y,N,1,Clear,Daylight,1.0,6,0,No Roadway Departure,0,N,0.0,D,2.0,55.0,M,Y,2.0,Odor of Alcohol Beverage,1.0,0,0,0,No Improper Action by Driver,No Improper Action by Driver,0,0,0,0,0,0,0,0,0,0,0,0,0,0,0,0,0,0,0,0,0,0,0,0,0,0,1,0,0,0,0,0,0,0,0,0,0
211891403,Tulsa,northern,US-169,US Route,0,40.0,0.0,property_damage,0.0,0,0.0,0.0,0.0,F-O TRAFF-SIGN,FIXED-OBJECT,36.291886,-95.83558863,2021,2021-06-24,19.58,1,0,N,       ,Y,N,1,Clear,Daylight,1.0,19,0,Roadway Departure Left,0,Y,0.0,D,4.0,32.0,M,Y,1.0,Drinking - Ability Impaired,4.0,0,0,0,Alcohol-DUI/DWI,Alcohol-DUI/DWI,0,1,0,0,0,0,0,0,0,0,0,0,0,0,0,0,0,0,0,0,0,0,0,0,0,0,0,0,0,0,0,0,0,0,0,0,0
211901471,Tulsa,northern,US-169,US Route,0,0.0,0.0,property_damage,0.0,0,0.0,0.0,0.0,F-O SAND-BARRELS,FIXED-OBJECT,36.24945065,-95.84797402,2021,2021-06-02,2.45,1,0,N,       ,Y,N,1,Clear,Dark / Unlighted,1.0,19,0,Roadway Departure Left,0,N,0.0,D,2.0,29.0,F,Y,1.0,Drinking - Ability Impaired,4.0,0,0,0,Alcohol-DUI/DWI,Alcohol-DUI/DWI,0,1,0,0,0,0,0,0,0,0,0,0,0,0,0,0,0,0,0,0,0,0,0,0,0,0,0,0,0,0,0,0,0,0,0,1,0
211901497,Washington,northern,US-60,US Route,1,0.0,0.0,property_damage,0.0,0,0.0,0.0,0.0,ANGLE-TURNING,ANGLE-TURNING,36.74680634,-95.97920925,2021,2021-06-30,15.16,2,0,N,       ,Y,N,1,Rain,Daylight,2.0,7,0,No Roadway Departure,0,N,0.0,D,2.0,21.0,M,Y,1.0,Apparently Normal,4.0,0,0,0,Failed to Yield,From Signal Light,0,0,0,0,0,0,0,0,0,0,0,0,0,0,0,1,0,0,0,0,0,0,0,0,0,0,0,0,0,0,0,0,0,0,1,0,0
211901531,Washington,northern,US-75,US Route,1,0.0,0.0,possible_injury,0.0,0,0.0,0.0,2.0,REAR-END,REAR-END,36.7504926,-95.93544353,2021,2021-06-09,12.53,2,0,N,       ,N,Y,1,Clear,Daylight,1.0,2,0,No Roadway Departure,0,N,0.0,D,21.0,26.0,F,Y,2.0,Under the Influence of Medication,4.0,0,0,0,Drug-DUI,Drug-DUI,0,0,0,0,0,0,0,0,0,0,0,1,0,0,0,0,0,0,0,0,0,0,0,0,0,0,0,0,0,0,0,0,0,0,0,0,0
211930422,Rogers,northern,SH-167,State Highway,1,0.0,0.0,property_damage,0.0,0,0.0,0.0,0.0,REAR-END,REAR-END,36.17688147,-95.76083545,2021,2021-05-25,16.3,2,0,N,       ,Y,N,1,Clear,Daylight,1.0,4,0,No Roadway Departure,0,N,0.0,D,20.0,38.0,F,Y,1.0,Apparently Normal,4.0,0,0,0,No Improper Action by Driver,No Improper Action by Driver,0,0,0,0,0,0,0,0,0,0,0,0,0,0,0,0,0,0,0,0,0,0,0,0,0,0,1,0,0,0,0,0,0,0,0,0,0
212020716,Rogers,northern,SH-20,State Highway,1,0.0,0.0,property_damage,0.0,0,0.0,0.0,0.0,RIGHT-ANGLE,RIGHT-ANGLE,36.31761966,-95.62842108,2021,2021-06-08,19.44,2,0,N,       ,N,Y,1,Clear,Daylight,1.0,1,0,No Roadway Departure,0,N,0.0,D,4.0,24.0,M,Y,1.0,Illigal Drugs,4.0,0,0,0,Drug-DUI,Drug-DUI,0,0,0,0,0,0,0,0,0,0,0,1,0,0,0,0,0,0,0,0,0,0,0,0,0,0,0,0,0,0,0,0,0,0,0,0,0
212020765,Rogers,northern,SH-20,State Highway,1,0.0,0.0,property_damage,0.0,0,0.0,0.0,0.0,F-O TRAFF-SIGN,FIXED-OBJECT,36.30741131,-95.5972144,2021,2021-06-23,20.41,1,0,N,       ,Y,N,1,Clear,Dark / Lighted,1.0,20,0,Roadway Departure Right,0,Y,0.0,D,20.0,69.0,M,Y,1.0,Odor of Alcohol Beverage,99.0,1,0,0,Alcohol-DUI/DWI,Alcohol-DUI/DWI,0,1,0,0,0,0,0,0,0,0,0,0,0,0,0,0,0,0,0,0,0,0,0,0,0,0,0,0,0,0,0,0,0,0,0,0,0
212240474,Tulsa,northern,,City Street,5,99.0,80.0,property_damage,0.0,0,0.0,0.0,0.0,F-O CURB,FIXED-OBJECT,36.28293811,-95.8484361,2021,2021-07-10,22.31,1,0,N,       ,Y,N,1,Cloudy,Dark / Lighted,1.0,19,0,Roadway Departure Left,0,Y,0.0,D,2.0,25.0,M,Y,1.0,Drinking - Ability Impaired,1.0,0,0,0,Alcohol-DUI/DWI,Alcohol-DUI/DWI,0,1,0,0,0,0,0,0,0,0,0,0,0,0,0,0,0,0,0,0,0,0,0,0,0,0,0,0,0,0,0,0,0,0,0,0,0
212280924,Cherokee,southern,US-62,US Route,1,0.0,0.0,property_damage,0.0,0,0.0,0.0,0.0,REAR-END,REAR-END,35.89004382,-94.9769647,2021,2021-07-05,23.2,2,0,N,       ,Y,N,1,Clear,Dark / Lighted,1.0,2,0,No Roadway Departure,0,N,0.0,D,3.0,28.0,M,Y,1.0,Odor of Alcohol Beverage,99.0,0,0,0,Alcohol-DUI/DWI,Alcohol-DUI/DWI,0,1,0,0,0,0,0,0,0,0,0,0,0,0,0,0,0,0,0,0,0,0,0,0,0,0,0,0,0,0,0,0,0,0,0,0,0
212280963,Cherokee,southern,SH-82,State Highway,1,0.0,0.0,property_damage,0.0,0,0.0,0.0,0.0,REAR-END,REAR-END,35.92983633,-94.95599614,2021,2021-07-25,17.45,2,0,N,       ,Y,N,1,Clear,Daylight,1.0,2,0,No Roadway Departure,0,N,0.0,D,4.0,82.0,M,Y,1.0,Apparently Normal,4.0,1,0,0,Followed too Closely,Human Element,0,0,0,0,0,0,0,0,0,0,0,0,0,0,0,0,1,0,0,0,0,0,0,0,0,0,0,0,0,0,0,0,0,0,0,0,0
212280966,Cherokee,southern,,City Street,7,99.0,80.0,property_damage,0.0,0,0.0,0.0,0.0,F-O TREE,FIXED-OBJECT,35.94410309,-94.9732633,2021,2021-07-31,16.36,1,0,N,       ,Y,N,1,Clear,Daylight,1.0,20,0,Roadway Departure Right,0,N,0.0,D,4.0,18.0,M,Y,1.0,Drinking - Ability Impaired,4.0,0,1,0,Alcohol-DUI/DWI,Alcohol-DUI/DWI,0,1,0,0,0,0,0,0,0,0,0,0,0,0,0,0,0,0,0,0,0,0,0,0,0,0,0,0,0,0,0,0,0,0,0,0,0
212441551,Washington,northern,US-75,US Route,1,0.0,0.0,possible_injury,0.0,0,0.0,0.0,2.0,F-O CURB,FIXED-OBJECT,36.80309713,-95.93561998,2021,2021-08-21,22.12,1,0,N,       ,Y,N,1,Clear,Dark / Lighted,1.0,41,0,Fixed Object,0,N,0.0,D,2.0,30.0,M,Y,2.0,Drinking - Ability Impaired,1.0,0,0,0,Alcohol-DUI/DWI,Alcohol-DUI/DWI,0,1,0,0,0,0,0,0,0,0,0,0,0,0,0,0,0,0,0,0,0,0,0,0,0,0,0,0,0,0,0,0,0,0,0,0,0
212520457,Tulsa,northern,SH-20,State Highway,1,0.0,0.0,possible_injury,0.0,0,0.0,0.0,1.0,REAR-END,REAR-END,36.36563208,-95.8667955,2021,2021-07-20,20.2,2,0,N,       ,Y,N,1,Clear,Dark / Unlighted,1.0,4,0,No Roadway Departure,0,N,0.0,D,4.0,58.0,M,Y,2.0,Apparently Normal,4.0,0,0,0,No Improper Action by Driver,No Improper Action by Driver,0,0,0,0,0,0,0,0,0,0,0,0,0,0,0,0,0,0,0,0,0,0,0,0,0,0,1,0,0,0,0,0,0,0,0,1,0
212560450,Washington,northern,,City Street,7,99.0,80.0,property_damage,0.0,0,0.0,0.0,0.0,ANGLE-TURNING,ANGLE-TURNING,36.76398779,-95.9301824,2021,2021-08-04,2.26,4,0,N,       ,Y,N,1,Clear,Dark / Unlighted,1.0,9,0,Fixed Object,0,N,0.0,D,20.0,27.0,M,Y,1.0,Under the Influence of Medication,4.0,0,0,0,Alcohol-DUI/DWI,Alcohol-DUI/DWI,0,1,0,0,0,0,0,0,0,0,0,0,0,0,0,0,0,0,0,0,0,0,0,0,0,0,0,0,0,0,0,0,0,0,0,1,0
212580888,Cherokee,southern,SH-82,State Highway,1,0.0,0.0,property_damage,0.0,0,0.0,0.0,0.0,F-O CULVERT,FIXED-OBJECT,35.93202652,-94.95815313,2021,2021-08-01,2.32,1,0,N,       ,Y,Y,1,Clear,Dark / Unlighted,1.0,20,0,Roadway Departure Right,0,N,0.0,D,2.0,21.0,M,Y,1.0,Drinking - Ability Impaired,99.0,0,0,0,Drug-DUI,Drug-DUI,0,0,0,0,0,0,0,0,0,0,0,1,0,0,0,0,0,0,0,0,0,0,0,0,0,0,0,0,0,0,0,0,0,0,0,1,0
212580907,Cherokee,southern,US-62,US Route,0,0.0,0.0,property_damage,0.0,0,0.0,0.0,0.0,REAR-END,REAR-END,35.87480289,-94.97618878,2021,2021-08-18,16.5,2,0,N,       ,N,Y,1,Clear,Daylight,1.0,2,0,No Roadway Departure,0,N,0.0,D,20.0,21.0,M,Y,1.0,Illigal Drugs,4.0,0,0,0,Drug-DUI,Drug-DUI,0,0,0,0,0,0,0,0,0,0,0,1,0,0,0,0,0,0,0,0,0,0,0,0,0,0,0,0,0,0,0,0,0,0,0,0,0
212583710,Rogers,northern,SH-66,State Highway,0,0.0,0.0,property_damage,0.0,0,0.0,0.0,0.0,F-O DITCH,FIXED-OBJECT,36.24168478,-95.67741252,2021,2021-09-02,19.4,1,0,N,       ,Y,N,1,Clear,Daylight,1.0,19,0,Roadway Departure Left,1,N,2.0,D,4.0,27.0,M,Y,1.0,Drinking - Ability Impaired,4.0,0,0,0,Alcohol-DUI/DWI,Alcohol-DUI/DWI,0,1,0,0,0,0,0,0,0,0,0,0,0,0,0,0,0,0,0,0,0,0,0,0,0,0,0,0,0,0,0,0,0,0,0,0,0
212591533,Delaware,northern,US-59,US Route,1,0.0,0.0,fatal,0.0,1,0.0,0.0,0.0,ROLLOVER,ROLLOVER,36.5934391,-94.77103082,2021,2021-06-12,1.28,1,1,N,       ,Y,N,1,Clear,Dark / Lighted,1.0,37,0,No Roadway Departure,0,N,0.0,D,15.0,59.0,M,Y,5.0,Odor of Alcohol Beverage,1.0,0,0,0,Unsafe Speed,On Curve/Turn,0,0,0,0,0,0,0,0,0,0,0,0,0,0,0,0,0,0,0,0,0,0,0,0,0,0,0,0,0,0,0,1,0,0,0,0,0
212591588,Delaware,northern,US-59,US Route,1,0.0,0.0,property_damage,0.0,0,0.0,0.0,0.0,ANGLE-TURNING,ANGLE-TURNING,36.6033593,-94.79162478,2021,2021-07-28,12.5,2,0,N,       ,Y,N,1,Clear,Daylight,1.0,6,0,No Roadway Departure,0,N,0.0,D,2.0,26.0,M,Y,1.0,Apparently Normal,4.0,0,0,0,Failed to Yield,From Stop Sign,0,0,0,0,0,0,0,0,0,0,0,0,0,0,0,1,0,0,0,0,0,0,0,0,0,0,0,0,0,0,0,0,0,0,0,0,0
212632482,Cherokee,southern,,City Street,1,0.0,0.0,possible_injury,0.0,0,0.0,0.0,2.0,SIDESWIPE-OPP,SIDESWIPE-OPP,35.89183965,-94.96788729,2021,2021-08-27,14.52,2,0,N,       ,Y,N,1,Clear,Daylight,1.0,17,0,No Roadway Departure,0,N,0.0,D,2.0,26.0,M,Y,1.0,Drinking - Ability Impaired,99.0,0,0,0,Alcohol-DUI/DWI,Alcohol-DUI/DWI,0,1,0,0,0,0,0,0,0,0,0,0,0,0,0,0,0,0,0,0,0,0,0,0,0,0,0,0,0,0,0,0,0,0,0,0,0
212853776,Rogers,northern,SH-66,State Highway,1,0.0,0.0,property_damage,0.0,0,0.0,0.0,0.0,REAR-END,REAR-END,36.31441352,-95.61486613,2021,2021-09-14,11.38,2,0,N,       ,Y,N,1,Clear,Daylight,1.0,3,0,No Roadway Departure,0,N,0.0,D,20.0,31.0,M,Y,1.0,Apparently Normal,4.0,0,0,0,Followed too Closely,Traffic Condition,0,0,0,0,0,0,0,0,0,0,0,0,0,0,0,0,1,0,0,0,0,0,0,0,0,0,0,0,0,0,0,0,0,0,0,0,0
212853781,Rogers,northern,SH-66,State Highway,0,0.0,0.0,property_damage,0.0,0,0.0,0.0,0.0,F-O MAILBOX,FIXED-OBJECT,36.2929372,-95.63085262,2021,2021-09-12,4.04,1,0,N,       ,Y,N,1,Clear,Dark / Unlighted,1.0,20,0,Roadway Departure Right,0,Y,0.0,D,2.0,21.0,M,Y,1.0,Drinking - Ability Impaired,1.0,0,0,0,Alcohol-DUI/DWI,Alcohol-DUI/DWI,0,1,0,0,0,0,0,0,0,0,0,0,0,0,0,0,0,0,0,0,0,0,0,0,0,0,0,0,0,0,0,0,0,0,0,1,0
212880724,Mayes,northern,,City Street,5,0.0,0.0,possible_injury,0.0,0,0.0,0.0,1.0,OTH-BACKING,OTH-BACKING,36.30615781,-95.3177308,2021,2021-08-26,12.2,3,0,N,       ,Y,Y,1,Clear,Daylight,1.0,27,0,No Roadway Departure,0,N,0.0,D,2.0,16.0,F,Y,1.0,Apparently Normal,4.0,0,1,0,Improper Turn,Turn About/U-Turn,0,0,0,0,0,0,0,0,0,0,0,0,0,0,0,0,0,0,0,0,0,0,1,0,0,0,0,0,0,0,0,0,0,0,0,0,0
213053174,Tulsa,northern,,City Street,8,99.0,80.0,property_damage,0.0,0,0.0,0.0,0.0,OTHER,OTHER,36.32208947,-95.86661176,2021,2021-09-30,19.55,1,0,N,       ,Y,N,1,Clear,Dark / Lighted,1.0,20,0,Roadway Departure Right,0,N,0.0,D,4.0,56.0,M,Y,1.0,Odor of Alcohol Beverage,4.0,0,0,0,Alcohol-DUI/DWI,Alcohol-DUI/DWI,0,1,0,0,0,0,0,0,0,0,0,0,0,0,0,0,0,0,0,0,0,0,0,0,0,0,0,0,0,0,0,0,0,0,0,0,0
213053216,Tulsa,northern,,City Street,1,99.0,80.0,property_damage,0.0,0,0.0,0.0,0.0,REAR-END,REAR-END,36.2785313,-95.840913,2021,2021-09-01,23.23,2,0,N,       ,Y,N,1,Clear,Dark / Lighted,1.0,2,0,No Roadway Departure,0,Y,0.0,D,2.0,18.0,M,Y,1.0,Apparently Normal,4.0,0,1,0,Followed too Closely,Human Element,0,0,0,0,0,0,0,0,0,0,0,0,0,0,0,0,1,0,0,0,0,0,0,0,0,0,0,0,0,0,0,0,0,0,0,0,0
213080936,Sequoyah,southern,US-59,US Route,0,0.0,0.0,possible_injury,0.0,0,0.0,0.0,1.0,F-O UTIL-POLE,FIXED-OBJECT,35.44705154,-94.80546833,2021,2021-10-13,11.2,1,0,N,       ,Y,N,1,Rain,Daylight,2.0,19,0,Roadway Departure Left,0,N,2.0,D,5.0,51.0,M,Y,2.0,Odor of Alcohol Beverage,1.0,0,0,0,Other Improper Act/Movement,Other,0,0,0,0,0,0,0,0,0,0,0,0,0,0,0,0,0,0,0,0,0,0,0,0,0,0,0,0,1,0,0,0,0,0,1,0,0
213081019,Sequoyah,southern,US-59,US Route,1,0.0,0.0,property_damage,0.0,0,0.0,0.0,0.0,REAR-END,REAR-END,35.46068802,-94.78703778,2021,2021-08-07,10.3,2,0,N,       ,Y,N,1,Clear,Daylight,1.0,2,0,No Roadway Departure,0,N,0.0,D,2.0,38.0,F,Y,1.0,Drinking - Ability Impaired,4.0,0,0,0,Alcohol-DUI/DWI,Alcohol-DUI/DWI,0,1,0,0,0,0,0,0,0,0,0,0,0,0,0,0,0,0,0,0,0,0,0,0,0,0,0,0,0,0,0,0,0,0,0,0,0
213081671,Sequoyah,southern,US-64,US Route,1,0.0,0.0,property_damage,0.0,0,0.0,0.0,0.0,OTHER,OTHER,35.4634274,-94.83249475,2021,2021-10-17,6.14,1,0,N,       ,Y,N,1,Cloudy,Dark / Unlighted,1.0,41,0,No Roadway Departure,0,N,0.0,D,2.0,22.0,M,Y,1.0,Drinking - Ability Impaired,99.0,0,0,0,Alcohol-DUI/DWI,Alcohol-DUI/DWI,0,1,0,0,0,0,0,0,0,0,0,0,0,0,0,0,0,0,0,0,0,0,0,0,0,0,0,0,0,0,0,0,0,0,0,1,0
213081717,Cherokee,southern,US-62,US Route,0,0.0,0.0,non_incapacitating_injury,1.0,0,0.0,1.0,0.0,PEDESTRIAN,PEDESTRIAN,35.86392886,-94.97637725,2021,2021-10-17,21.32,1,0,N,       ,N,Y,1,Clear,Dark / Unlighted,1.0,21,1,No Roadway Departure,0,N,0.0,P,0.0,32.0,M,N,3.0,Illigal Drugs,0.0,0,0,0,Pedestrian Action,Pedestrian Action,0,0,0,0,0,0,0,0,0,0,0,0,0,0,0,0,0,0,0,0,0,0,0,0,0,0,0,0,0,1,0,0,0,0,0,1,0
213081732,Cherokee,southern,US-62,US Route,0,10.0,0.0,property_damage,0.0,0,0.0,0.0,0.0,OTHER,OTHER,35.89524189,-94.96868705,2021,2021-10-09,19.25,1,0,N,       ,Y,N,1,Clear,Dark / Unlighted,1.0,20,0,Roadway Departure Right,0,N,0.0,D,20.0,49.0,F,Y,1.0,Apparently Normal,4.0,0,0,0,Alcohol-DUI/DWI,Alcohol-DUI/DWI,0,1,0,0,0,0,0,0,0,0,0,0,0,0,0,0,0,0,0,0,0,0,0,0,0,0,0,0,0,0,0,0,0,0,0,1,0
213141401,Tulsa,northern,US-169,US Route,1,20.0,0.0,property_damage,0.0,0,0.0,0.0,0.0,ANGLE-TURNING,ANGLE-TURNING,36.29309477,-95.83380105,2021,2021-10-21,9.0,3,0,N,       ,Y,N,1,Clear,Daylight,1.0,7,0,No Roadway Departure,0,N,0.0,D,2.0,35.0,M,Y,1.0,Odor of Alcohol Beverage,4.0,0,0,0,Alcohol-DUI/DWI,Alcohol-DUI/DWI,0,1,0,0,0,0,0,0,0,0,0,0,0,0,0,0,0,0,0,0,0,0,0,0,0,0,0,0,0,0,0,0,0,0,0,0,0
213193449,Sequoyah,southern,,City Street,5,99.0,80.0,property_damage,0.0,0,0.0,0.0,0.0,F-O TREE,FIXED-OBJECT,35.45874681,-94.769769,2021,2021-02-07,18.45,1,0,N,       ,Y,N,1,Clear,Dusk,1.0,19,0,Roadway Departure Left,0,N,0.0,D,2.0,63.0,F,Y,1.0,Drinking - Ability Impaired,99.0,0,0,0,Alcohol-DUI/DWI,Alcohol-DUI/DWI,0,1,0,0,0,0,0,0,0,0,0,0,0,0,0,0,0,0,0,0,0,0,0,0,0,0,0,0,0,0,0,0,0,0,0,1,0
213194066,Washington,northern,US-60,US Route,1,0.0,0.0,property_damage,0.0,0,0.0,0.0,0.0,ANGLE-TURNING,ANGLE-TURNING,36.74260797,-95.95390299,2021,2021-10-23,18.38,2,0,N,       ,Y,N,1,Clear,Dark / Lighted,1.0,7,0,No Roadway Departure,0,N,0.0,D,4.0,29.0,M,Y,1.0,Odor of Alcohol Beverage,4.0,0,0,0,Failed to Yield,From Signal Light,0,0,0,0,0,0,0,0,0,0,0,0,0,0,0,1,0,0,0,0,0,0,0,0,0,0,0,0,0,0,0,0,0,0,0,0,0
213194098,Washington,northern,,City Street,1,0.0,0.0,non_incapacitating_injury,1.0,0,0.0,1.0,0.0,RIGHT-ANGLE,RIGHT-ANGLE,36.7135328,-95.9532649,2021,2021-10-17,15.0,2,0,N,       ,N,Y,1,Cloudy,Daylight,1.0,1,0,No Roadway Departure,0,N,0.0,D,20.0,76.0,F,Y,1.0,Illigal Drugs,4.0,1,0,0,Failed to Yield,From Yield Sign,0,0,0,0,0,0,0,0,0,0,0,0,0,0,0,1,0,0,0,0,0,0,0,0,0,0,0,0,0,0,0,0,0,0,0,0,0
213221033,Sequoyah,southern,,City Street,8,99.0,80.0,property_damage,0.0,0,0.0,0.0,0.0,ANGLE-TURNING,ANGLE-TURNING,35.470301,-94.79693743,2020,2020-11-09,21.3,2,0,N,       ,N,Y,1,Clear,Dark / Lighted,1.0,9,0,No Roadway Departure,0,N,0.0,D,2.0,23.0,F,Y,1.0,Unknown,99.0,0,0,0,Drug-DUI,Drug-DUI,0,0,0,0,0,0,0,0,0,0,0,1,0,0,0,0,0,0,0,0,0,0,0,0,0,0,0,0,0,0,0,0,0,0,0,0,0
213262257,Mayes,northern,SH-20,State Highway,0,0.0,0.0,property_damage,0.0,0,0.0,0.0,0.0,OTHER,OTHER,36.30754809,-95.31614943,2021,2021-11-16,14.2,2,0,N,       ,N,Y,1,Cloudy,Daylight,1.0,35,0,No Roadway Departure,0,Y,0.0,D,2.0,47.0,F,Y,1.0,Under the Influence of Medication,99.0,0,0,0,Drug-DUI,Drug-DUI,0,0,0,0,0,0,0,0,0,0,0,1,0,0,0,0,0,0,0,0,0,0,0,0,0,0,0,0,0,0,0,0,0,0,0,0,0
213400876,Rogers,northern,SH-66,State Highway,1,0.0,0.0,property_damage,0.0,0,0.0,0.0,0.0,F-O CURB,FIXED-OBJECT,36.3083498,-95.6186919,2021,2021-10-13,15.15,1,0,N,       ,N,Y,1,Clear,Daylight,1.0,19,0,Fixed Object,0,Y,0.0,D,2.0,25.0,M,Y,1.0,Apparently Normal,4.0,0,0,0,Drug-DUI,Drug-DUI,0,0,0,0,0,0,0,0,0,0,0,1,0,0,0,0,0,0,0,0,0,0,0,0,0,0,0,0,0,0,0,0,0,0,0,0,0
213402145,Tulsa,northern,SH-20,State Highway,1,5.0,0.0,property_damage,0.0,0,0.0,0.0,0.0,OTHER,OTHER,36.36565344,-95.8847284,2021,2021-10-31,0.22,1,0,Y,       ,Y,N,1,Clear,Dark / Unlighted,1.0,20,0,Roadway Departure Right,0,Y,0.0,D,2.0,19.0,F,Y,1.0,Drinking - Ability Impaired,99.0,0,1,0,Alcohol-DUI/DWI,Alcohol-DUI/DWI,0,1,0,0,0,0,0,0,0,0,0,0,0,0,0,0,0,0,0,0,0,0,0,0,0,0,0,0,0,0,0,0,0,0,0,1,0
213402742,Mayes,northern,US-69,US Route,1,0.0,0.0,fatal,3.0,3,0.0,3.0,0.0,ANGLE-TURNING,ANGLE-TURNING,36.31435987,-95.31615291,2021,2021-08-20,17.1,2,0,N,       ,Y,N,1,Cloudy,Daylight,1.0,13,0,Fixed Object,0,N,0.0,D,4.0,78.0,M,Y,3.0,Odor of Alcohol Beverage,4.0,1,0,0,Failed to Yield,From Stop Sign,0,0,0,0,0,0,0,0,0,0,0,0,0,0,0,1,0,0,0,0,0,0,0,0,0,0,0,0,0,0,0,0,0,0,0,0,0
213411846,Nowata,northern,US-60,US Route,0,0.0,0.0,possible_injury,0.0,0,0.0,0.0,2.0,F-O DITCH,FIXED-OBJECT,36.69910066,-95.59832098,2021,2021-11-29,16.25,1,1,N,       ,Y,N,1,Clear,Daylight,1.0,20,0,Roadway Departure Right,1,N,0.0,D,24.0,29.0,M,Y,2.0,Odor of Alcohol Beverage,4.0,0,0,0,Alcohol-DUI/DWI,Alcohol-DUI/DWI,0,1,0,0,0,0,0,0,0,0,0,0,0,0,0,0,0,0,0,0,0,0,0,0,0,0,0,0,0,0,0,0,0,0,0,0,0
213411889,Sequoyah,southern,US-64,US Route,0,0.0,0.0,possible_injury,0.0,0,0.0,0.0,3.0,HEAD-ON,HEAD-ON,35.45162597,-94.75961145,2021,2021-11-02,20.0,3,0,N,       ,Y,N,1,Rain,Dark / Lighted,2.0,18,0,No Roadway Departure,0,N,0.0,D,4.0,72.0,M,Y,2.0,Dizzy/Faint,4.0,1,0,1,No Improper Action by Driver,No Improper Action by Driver,0,0,0,0,0,0,0,0,0,0,0,0,0,0,0,0,0,0,0,0,0,0,0,0,0,0,1,0,0,0,0,0,0,0,1,0,0
213412088,Sequoyah,southern,US-64,US Route,1,1.0,0.0,property_damage,0.0,0,0.0,0.0,0.0,RIGHT-ANGLE,RIGHT-ANGLE,35.40506811,-94.52156873,2021,2021-11-13,16.51,2,0,N,       ,N,Y,1,Clear,Daylight,1.0,1,0,No Roadway Departure,0,N,0.0,D,2.0,75.0,M,Y,1.0,Apparently Normal,1.0,1,0,0,No Improper Action by Driver,No Improper Action by Driver,0,0,0,0,0,0,0,0,0,0,0,0,0,0,0,0,0,0,0,0,0,0,0,0,0,0,1,0,0,0,0,0,0,0,0,0,0
213430715,Tulsa,northern,,City Street,1,99.0,80.0,possible_injury,0.0,0,0.0,0.0,1.0,RIGHT-ANGLE,RIGHT-ANGLE,36.2929893,-95.8481191,2021,2021-11-25,4.49,1,0,N,       ,Y,N,1,Clear,Dark / Unlighted,2.0,1,0,Roadway Departure Right,0,N,0.0,D,2.0,20.0,M,Y,2.0,Odor of Alcohol Beverage,99.0,0,0,0,Alcohol-DUI/DWI,Alcohol-DUI/DWI,0,1,0,0,0,0,0,0,0,0,0,0,0,0,0,0,0,0,0,0,0,0,0,0,0,0,0,0,0,0,0,0,0,0,0,1,0
213430717,Tulsa,northern,US-169,US Route,0,75.0,0.0,property_damage,0.0,0,0.0,0.0,0.0,F-O FENCE,FIXED-OBJECT,36.26917668,-95.84790756,2021,2021-11-28,19.2,1,0,N,       ,Y,N,1,Clear,Dark / Unlighted,1.0,19,0,Roadway Departure Left,0,Y,0.0,D,4.0,46.0,M,Y,1.0,Odor of Alcohol Beverage,99.0,0,0,0,Other Improper Act/Movement,Other,0,0,0,0,0,0,0,0,0,0,0,0,0,0,0,0,0,0,0,0,0,0,0,0,0,0,0,0,1,0,0,0,0,0,0,1,0
213430720,Tulsa,northern,,City Street,1,99.0,80.0,property_damage,0.0,0,0.0,0.0,0.0,REAR-END,REAR-END,36.2785311,-95.8301651,2021,2021-11-15,16.17,2,0,N,       ,Y,N,1,Clear,Daylight,1.0,2,0,No Roadway Departure,0,N,0.0,D,4.0,69.0,M,Y,1.0,Drinking - Ability Impaired,4.0,1,0,0,Alcohol-DUI/DWI,Alcohol-DUI/DWI,0,1,0,0,0,0,0,0,0,0,0,0,0,0,0,0,0,0,0,0,0,0,0,0,0,0,0,0,0,0,0,0,0,0,0,0,0