crash_id,county,region,highway_name,highway_class,intersection_rel,special_feature_1,special_feature_2,severity_level,visual_injured_num,fatal_num,suspected_serious_injured_num,non_incapacitated_injured_num,possibly_injured_num,crash_type,main_crash_type,latitude,longitude,year,date,time,number_of_vehicles,number_of_commercial_vehicles,work_zone,railroad_crossing,alcohol,drug,Alcohol or Drug,weather_condition,lighting_condition,road_condition,manner_of_collision,pedestrians_num,roadway_departure,cross_centerline,hit_and_run,emergency_vehicle_use,unit_type,vehicle_type,age,sex,driver_of_vehicle,injury_severity,person_condition,restraint_use,older_driver,teen_driver,Sleepy/Ill/Dizzy Driver,unsafe_unlaw_category,unsafe_unlaw_desc,Abnormal Traffic Control,Alcohol-DUI/DWI,Animal in Roadway,Apparently Sleepy,Avoiding Other Vehicle,Avoiding Pedestrian,Changed Lanes Unsafely,Deer in Roadway,Defect in Roadway,Disregarded Warning Signal,Domestic Animal in Roadway,Drug-DUI,Failed to Secure Load,Failed to Signal,Failed to Stop,Failed to Yield,Followed too Closely,Improper Backing,Improper Bicyclist Action,Improper Overtaking,Improper Parking,Improper Start From,Improper Turn,Improper Use of Lane,Distraction,Left of Center,No Improper Action by Driver,Object/Debris in Roadway,Other Improper Act/Movement,Pedestrian Action,Stopped in Traffic Lane,Speeding,Unsafe Vehicle,Wrong Way,Bad Weather,Bad Lighting,Bad Road Condition
300311267,Tulsa,tulsa,US-169,US Route,0,0.0,0.0,property_damage,0.0,0,0.0,0.0,0.0,SIDESWIPE-SAME,SIDESWIPE-SAME,36.2015248,-95.8515753,2017,2017-05-30,19.4,2,0,N,       ,Y,N,1,Clear,Daylight,1.0,16,0,Fixed Object,0,Y,0.0,D,2.0,20.0,M,Y,1.0,Odor of Alcohol Beverage,4.0,0,0,0,Changed Lanes Unsafely,Changed Lanes Unsafely,0,0,0,0,0,0,1,0,0,0,0,0,0,0,0,0,0,0,0,0,0,0,0,0,0,0,0,0,0,0,0,0,0,0,0,0,0
300311345,Ottawa,northern,SH-125,State Highway,0,0.0,0.0,fatal,0.0,1,0.0,0.0,0.0,REAR-END,REAR-END,36.6922399,-94.855451,2017,2017-04-14,22.16,2,0,N,       ,Y,N,1,Clear,Dark / Unlighted,1.0,3,0,Roadway Departure Left,0,N,0.0,D,15.0,60.0,M,Y,5.0,Apparently Normal,7.0,0,0,0,Failed to Yield,Private Drive,0,0,0,0,0,0,0,0,0,0,0,0,0,0,0,1,0,0,0,0,0,0,0,0,0,0,0,0,0,0,0,0,0,0,0,1,0
300312187,Mayes,northern,,County Road,0,0.0,0.0,incapacitating_injury,4.0,0,1.0,3.0,0.0,F-O UTIL-POLE,FIXED-OBJECT,36.3114,-95.0089,2017,2017-06-03,16.03,1,0,N,       ,Y,N,1,Cloudy,Daylight,2.0,19,0,Roadway Departure Left,0,Y,0.0,D,2.0,26.0,M,Y,3.0,Drinking - Ability Impaired,1.0,0,0,0,Alcohol-DUI/DWI,Alcohol-DUI/DWI,0,1,0,0,0,0,0,0,0,0,0,0,0,0,0,0,0,0,0,0,0,0,0,0,0,0,0,0,0,0,0,0,0,0,0,0,0
300312585,Adair,southern,,County Road,0,0.0,0.0,possible_injury,0.0,0,0.0,0.0,1.0,ROLLOVER,ROLLOVER,35.881,-94.5458,2017,2017-05-28,20.18,1,0,N,       ,N,Y,1,Clear,Dark / Unlighted,1.0,20,0,Roadway Departure Right,0,N,0.0,D,15.0,25.0,M,Y,2.0,Illigal Drugs,1.0,0,0,0,Drug-DUI,Drug-DUI,0,0,0,0,0,0,0,0,0,0,0,1,0,0,0,0,0,0,0,0,0,0,0,0,0,0,0,0,0,0,0,0,0,0,0,1,0
300312588,Adair,southern,SH-51,State Highway,0,0.0,0.0,property_damage,0.0,0,0.0,0.0,0.0,F-O DITCH,FIXED-OBJECT,35.8726674,-94.7365239,2017,2017-05-30,18.45,1,0,N,       ,Y,N,1,Clear,Daylight,1.0,20,0,Roadway Departure Right,0,N,0.0,D,20.0,21.0,F,Y,1.0,Drinking - Ability Impaired,4.0,0,0,0,Alcohol-DUI/DWI,Alcohol-DUI/DWI,0,1,0,0,0,0,0,0,0,0,0,0,0,0,0,0,0,0,0,0,0,0,0,0,0,0,0,0,0,0,0,0,0,0,0,0,0
300312748,Rogers,northern,SH-20,State Highway,0,0.0,0.0,non_incapacitating_injury,1.0,0,0.0,1.0,0.0,F-O TREE,FIXED-OBJECT,36.308485,-95.7126452,2017,2017-05-30,1.46,1,0,N,       ,Y,N,1,Clear,Dark / Unlighted,1.0,19,0,Roadway Departure Left,0,N,0.0,D,21.0,25.0,F,Y,3.0,Odor of Alcohol Beverage,4.0,0,0,0,Unsafe Speed,On Curve/Turn,0,0,0,0,0,0,0,0,0,0,0,0,0,0,0,0,0,0,0,0,0,0,0,0,0,0,0,0,0,0,0,1,0,0,0,1,0
300312787,Nowata,northern,US-60,US Route,0,0.0,0.0,incapacitating_injury,1.0,0,1.0,0.0,0.0,F-O TRAFF-SIGN,FIXED-OBJECT,36.7133204,-95.6635002,2017,2017-06-02,0.3,1,0,N,       ,Y,N,1,Cloudy,Dark / Unlighted,1.0,41,0,Roadway Departure Right,0,N,0.0,D,2.0,44.0,F,Y,4.0,Drinking - Ability Impaired,1.0,0,0,0,Alcohol-DUI/DWI,Alcohol-DUI/DWI,0,1,0,0,0,0,0,0,0,0,0,0,0,0,0,0,0,0,0,0,0,0,0,0,0,0,0,0,0,0,0,0,0,0,0,1,0
300312867,Washington,northern,SH-11,State Highway,0,0.0,0.0,property_damage,0.0,0,0.0,0.0,0.0,F-O TREE,FIXED-OBJECT,36.4363507,-95.9976432,2017,2017-06-04,19.3,1,0,N,       ,N,Y,1,Cloudy,Daylight,2.0,20,0,Roadway Departure Right,0,N,0.0,D,20.0,24.0,F,Y,1.0,Illigal Drugs,4.0,0,0,0,Drug-DUI,Drug-DUI,0,0,0,0,0,0,0,0,0,0,0,1,0,0,0,0,0,0,0,0,0,0,0,0,0,0,0,0,0,0,0,0,0,0,0,0,0
300312945,Ottawa,northern,US-59,US Route,0,0.0,0.0,possible_injury,0.0,0,0.0,0.0,1.0,SIDESWIPE-OPP,SIDESWIPE-OPP,36.684362,-94.863951,2017,2017-06-10,16.15,2,0,N,       ,Y,N,1,Clear,Daylight,1.0,17,0,Roadway Departure Right,0,N,0.0,D,4.0,55.0,M,Y,2.0,Drinking - Ability Impaired,4.0,0,0,0,Alcohol-DUI/DWI,Alcohol-DUI/DWI,0,1,0,0,0,0,0,0,0,0,0,0,0,0,0,0,0,0,0,0,0,0,0,0,0,0,0,0,0,0,0,0,0,0,0,0,0
300312949,Washington,northern,US-75,US Route,0,0.0,0.0,property_damage,0.0,0,0.0,0.0,0.0,F-O BARR-CABLE,FIXED-OBJECT,36.4525635,-95.9203619,2017,2017-06-11,0.03,1,0,N,       ,N,Y,1,Cloudy,Dark / Unlighted,1.0,19,0,Roadway Departure Left,0,N,0.0,D,1.0,19.0,M,Y,1.0,Under the Influence of Medication,4.0,0,1,0,Drug-DUI,Drug-DUI,0,0,0,0,0,0,0,0,0,0,0,1,0,0,0,0,0,0,0,0,0,0,0,0,0,0,0,0,0,0,0,0,0,0,0,1,0
300312969,Cherokee,southern,SH-82,State Highway,0,0.0,0.0,property_damage,0.0,0,0.0,0.0,0.0,F-O TREE,FIXED-OBJECT,35.6880515,-94.9107167,2017,2017-06-11,2.24,1,0,N,       ,Y,N,1,Clear,Dark / Unlighted,1.0,20,0,Roadway Departure Right,0,N,0.0,D,4.0,32.0,M,Y,1.0,Drinking - Ability Impaired,4.0,0,0,0,Alcohol-DUI/DWI,Alcohol-DUI/DWI,0,1,0,0,0,0,0,0,0,0,0,0,0,0,0,0,0,0,0,0,0,0,0,0,0,0,0,0,0,0,0,0,0,0,0,1,0
300313053,Delaware,northern,SH-20,State Highway,0,0.0,0.0,property_damage,0.0,0,0.0,0.0,0.0,F-O EMBANKMENT,FIXED-OBJECT,36.4705327,-94.613174,2017,2017-06-11,6.3,1,0,N,       ,Y,N,1,Cloudy,Daylight,1.0,20,0,Roadway Departure Right,0,Y,0.0,D,20.0,51.0,M,Y,1.0,Odor of Alcohol Beverage,1.0,0,0,0,Unsafe Speed,Vehicle Condition,0,0,0,0,0,0,0,0,0,0,0,0,0,0,0,0,0,0,0,0,0,0,0,0,0,0,0,0,0,0,0,1,0,0,0,0,0
300313267,Mayes,northern,I-44,Turnpike Interstate,0,0.0,0.0,non_incapacitating_injury,1.0,0,0.0,1.0,1.0,REAR-END,REAR-END,36.381683,-95.4334193,2017,2017-06-10,4.24,2,1,N,       ,Y,N,1,Clear,Dark / Unlighted,1.0,3,0,Roadway Departure Right,0,N,0.0,D,4.0,21.0,M,Y,3.0,Odor of Alcohol Beverage,4.0,0,0,0,Changed Lanes Unsafely,Changed Lanes Unsafely,0,0,0,0,0,0,1,0,0,0,0,0,0,0,0,0,0,0,0,0,0,0,0,0,0,0,0,0,0,0,0,0,0,0,0,1,0
300313292,Rogers,northern,I-44,Turnpike Interstate,0,0.0,0.0,non_incapacitating_injury,1.0,0,0.0,1.0,0.0,ROLLOVER,ROLLOVER,36.1709604,-95.7319582,2017,2017-06-10,21.2,1,0,N,       ,Y,N,1,Clear,Dark / Unlighted,1.0,20,0,Roadway Departure Right,0,N,0.0,D,4.0,23.0,M,Y,1.0,Drinking - Ability Impaired,4.0,0,0,0,Alcohol-DUI/DWI,Alcohol-DUI/DWI,0,1,0,0,0,0,0,0,0,0,0,0,0,0,0,0,0,0,0,0,0,0,0,0,0,0,0,0,0,0,0,0,0,0,0,1,0
300313297,Rogers,northern,I-44,Interstate,0,0.0,0.0,property_damage,0.0,0,0.0,0.0,0.0,F-O RET-WALL,FIXED-OBJECT,36.1626862,-95.7538854,2017,2017-06-09,6.58,1,0,N,       ,Y,N,1,Cloudy,Daylight,1.0,20,0,Roadway Departure Right,0,N,0.0,D,2.0,32.0,M,Y,1.0,Odor of Alcohol Beverage,4.0,0,0,0,Other Improper Act/Movement,Other,0,0,0,0,0,0,0,0,0,0,0,0,0,0,0,0,0,0,0,0,0,0,0,0,0,0,0,0,1,0,0,0,0,0,0,0,0
300313303,Rogers,northern,,County Road,0,0.0,0.0,non_incapacitating_injury,1.0,0,0.0,1.0,2.0,REAR-END,REAR-END,36.3833,-95.6667,2017,2017-05-24,7.27,2,0,N,       ,N,Y,1,Cloudy,Daylight,1.0,3,0,Roadway Departure Right,0,Y,0.0,D,4.0,37.0,M,Y,3.0,Illigal Drugs,4.0,0,0,0,Drug-DUI,Drug-DUI,0,0,0,0,0,0,0,0,0,0,0,1,0,0,0,0,0,0,0,0,0,0,0,0,0,0,0,0,0,0,0,0,0,0,0,0,0
300313701,Cherokee,southern,,County Road,0,0.0,0.0,property_damage,0.0,0,0.0,0.0,0.0,ANGLE-TURNING,ANGLE-TURNING,35.7642,-95.0021,2017,2017-06-14,12.48,2,0,N,       ,Y,N,1,Clear,Daylight,1.0,11,0,Fixed Object,0,N,0.0,D,4.0,28.0,M,Y,1.0,Odor of Alcohol Beverage,4.0,0,0,0,Inattention,Distracted by Passenger in Vehicle,0,0,0,0,0,0,0,0,0,0,0,0,0,0,0,0,0,0,0,0,0,0,0,0,1,0,0,0,0,0,0,0,0,0,0,0,0
300313866,Tulsa,tulsa,,City Street,1,0.0,0.0,non_incapacitating_injury,1.0,0,0.0,1.0,0.0,REAR-END,REAR-END,36.1915648,-95.9582216,2017,2017-05-31,2.3,3,0,N,       ,Y,N,1,Clear,Dark / Lighted,1.0,2,0,Fixed Object,0,Y,0.0,D,2.0,33.0,M,Y,3.0,Drinking - Ability Impaired,99.0,0,0,0,Unsafe Speed,For Traffic Conditions,0,0,0,0,0,0,0,0,0,0,0,0,0,0,0,0,0,0,0,0,0,0,0,0,0,0,0,0,0,0,0,1,0,0,0,0,0
300313901,Mayes,northern,US-69,US Route,0,0.0,0.0,property_damage,0.0,0,0.0,0.0,0.0,SIDESWIPE-SAME,SIDESWIPE-SAME,36.1996896,-95.3409061,2017,2017-06-13,11.15,2,0,N,       ,Y,N,1,Cloudy,Daylight,1.0,16,0,No Roadway Departure,0,N,0.0,D,2.0,51.0,M,Y,1.0,Drinking - Ability Impaired,4.0,0,0,0,Alcohol-DUI/DWI,Alcohol-DUI/DWI,0,1,0,0,0,0,0,0,0,0,0,0,0,0,0,0,0,0,0,0,0,0,0,0,0,0,0,0,0,0,0,0,0,0,0,0,0
300313975,Tulsa,tulsa,,City Street,1,0.0,0.0,property_damage,0.0,0,0.0,0.0,0.0,ANGLE-TURNING,ANGLE-TURNING,36.1688526,-95.904573,2017,2017-06-10,15.35,2,0,N,       ,Y,N,1,Clear,Daylight,1.0,7,0,No Roadway Departure,0,N,0.0,D,4.0,26.0,M,Y,1.0,Drinking - Ability Impaired,4.0,0,0,0,Improper Turn,Left,0,0,0,0,0,0,0,0,0,0,0,0,0,0,0,0,0,0,0,0,0,0,1,0,0,0,0,0,0,0,0,0,0,0,0,0,0
300313978,Tulsa,tulsa,I-44,Interstate,0,5.0,0.0,property_damage,0.0,0,0.0,0.0,0.0,REAR-END,REAR-END,36.1624488,-95.8169407,2017,2017-06-06,7.57,3,0,Y,       ,Y,N,1,Clear,Daylight,1.0,2,0,No Roadway Departure,0,N,0.0,D,21.0,51.0,M,Y,1.0,Odor of Alcohol Beverage,4.0,0,0,0,Alcohol-DUI/DWI,Alcohol-DUI/DWI,0,1,0,0,0,0,0,0,0,0,0,0,0,0,0,0,0,0,0,0,0,0,0,0,0,0,0,0,0,0,0,0,0,0,0,0,0
300314679,Tulsa,tulsa,I-44,Interstate,0,31.0,0.0,non_incapacitating_injury,1.0,0,0.0,1.0,0.0,F-O BARR-CONCRETE,FIXED-OBJECT,36.1624474,-95.8174752,2017,2017-06-20,16.3,1,0,N,       ,Y,N,1,Clear,Daylight,1.0,19,0,Fixed Object,0,N,0.0,D,20.0,31.0,M,Y,3.0,Odor of Alcohol Beverage,4.0,0,0,0,Unsafe Speed,Exceeding Legal Limit,0,0,0,0,0,0,0,0,0,0,0,0,0,0,0,0,0,0,0,0,0,0,0,0,0,0,0,0,0,0,0,1,0,0,0,0,0
300314755,Tulsa,tulsa,I-244,Interstate,0,32.0,0.0,possible_injury,0.0,0,0.0,0.0,3.0,SIDESWIPE-SAME,SIDESWIPE-SAME,36.1628436,-95.9030091,2017,2017-06-18,17.31,3,0,N,       ,N,Y,1,Clear,Daylight,1.0,16,0,Fixed Object,0,Y,0.0,D,4.0,28.0,M,Y,1.0,Illigal Drugs,4.0,0,0,0,Drug-DUI,Drug-DUI,0,0,0,0,0,0,0,0,0,0,0,1,0,0,0,0,0,0,0,0,0,0,0,0,0,0,0,0,0,0,0,0,0,0,0,0,0
300314817,Cherokee,southern,,County Road,0,0.0,0.0,property_damage,0.0,0,0.0,0.0,0.0,F-O FENCE-POLE,FIXED-OBJECT,35.7476,-94.9769,2017,2017-06-15,15.03,1,0,N,       ,Y,N,1,Clear,Daylight,1.0,19,0,Roadway Departure Left,0,N,0.0,D,4.0,28.0,M,Y,1.0,Odor of Alcohol Beverage,4.0,0,0,0,Alcohol-DUI/DWI,Alcohol-DUI/DWI,0,1,0,0,0,0,0,0,0,0,0,0,0,0,0,0,0,0,0,0,0,0,0,0,0,0,0,0,0,0,0,0,0,0,0,0,0
300314868,Craig,northern,,County Road,0,0.0,0.0,property_damage,0.0,0,0.0,0.0,0.0,F-O TREE,FIXED-OBJECT,36.984,-95.1553,2017,2017-06-16,20.34,1,0,N,       ,Y,N,1,Clear,Dark / Unlighted,5.0,20,0,Roadway Departure Right,0,N,0.0,D,4.0,56.0,M,Y,1.0,Drinking - Ability Impaired,4.0,0,0,0,Alcohol-DUI/DWI,Alcohol-DUI/DWI,0,1,0,0,0,0,0,0,0,0,0,0,0,0,0,0,0,0,0,0,0,0,0,0,0,0,0,0,0,0,0,0,0,0,0,1,1
300314996,Adair,southern,,County Road,0,0.0,0.0,property_damage,0.0,0,0.0,0.0,0.0,F-O EMBANKMENT,FIXED-OBJECT,36.1038,-94.5926,2017,2017-06-25,16.44,1,0,N,       ,N,Y,1,Clear,Daylight,1.0,20,0,Roadway Departure Right,0,N,0.0,D,4.0,51.0,M,Y,1.0,Under the Influence of Medication,4.0,0,0,0,Drug-DUI,Drug-DUI,0,0,0,0,0,0,0,0,0,0,0,1,0,0,0,0,0,0,0,0,0,0,0,0,0,0,0,0,0,0,0,0,0,0,0,0,0
300315035,Sequoyah,southern,,County Road,0,0.0,0.0,property_damage,0.0,0,0.0,0.0,0.0,F-O FENCE-POLE,FIXED-OBJECT,35.409,-94.6376,2017,2017-06-08,15.35,1,0,N,       ,Y,N,1,Cloudy,Daylight,1.0,20,0,Roadway Departure Right,0,Y,0.0,D,2.0,26.0,M,Y,1.0,Drinking - Ability Impaired,4.0,0,0,0,Unsafe Speed,Other,0,0,0,0,0,0,0,0,0,0,0,0,0,0,0,0,0,0,0,0,0,0,0,0,0,0,0,0,0,0,0,1,0,0,0,0,0
300315177,Sequoyah,southern,US-59,US Route,0,0.0,0.0,property_damage,0.0,0,0.0,0.0,0.0,OTH-SINGLE-VEH,OTH-SINGLE-VEH,35.3883825,-94.8143642,2017,2017-06-16,5.01,1,0,N,       ,Y,N,1,Cloudy,Dark / Unlighted,1.0,33,0,No Roadway Departure,0,N,0.0,D,4.0,19.0,M,Y,1.0,Drinking - Ability Impaired,99.0,0,1,0,Alcohol-DUI/DWI,Alcohol-DUI/DWI,0,1,0,0,0,0,0,0,0,0,0,0,0,0,0,0,0,0,0,0,0,0,0,0,0,0,0,0,0,0,0,0,0,0,0,1,0
300315185,Sequoyah,southern,I-40,Interstate,0,0.0,0.0,incapacitating_injury,1.0,0,1.0,0.0,0.0,F-O CULVERT,FIXED-OBJECT,35.4497996,-94.764274,2017,2017-06-18,5.38,1,0,N,       ,Y,N,1,Cloudy,Dawn,1.0,20,0,Roadway Departure Right,0,N,0.0,D,4.0,24.0,M,Y,4.0,Odor of Alcohol Beverage,2.0,0,0,0,Alcohol-DUI/DWI,Alcohol-DUI/DWI,0,1,0,0,0,0,0,0,0,0,0,0,0,0,0,0,0,0,0,0,0,0,0,0,0,0,0,0,0,0,0,0,0,0,0,1,0
300315402,Tulsa,northern,,County Road,0,76.0,0.0,fatal,1.0,1,0.0,1.0,0.0,SIDESWIPE-OPP,SIDESWIPE-OPP,36.2785,-95.9497,2017,2017-04-18,7.42,2,0,N,       ,N,Y,1,Fog/Smoke,Daylight,1.0,17,0,Roadway Departure Right,1,N,0.0,D,2.0,24.0,M,Y,3.0,Under the Influence of Medication,4.0,0,0,0,Drug-DUI,Drug-DUI,0,0,0,0,0,0,0,0,0,0,0,1,0,0,0,0,0,0,0,0,0,0,0,0,0,0,0,0,0,0,0,0,0,0,1,0,0
300315426,Cherokee,southern,,County Road,0,0.0,0.0,property_damage,0.0,0,0.0,0.0,0.0,F-O FENCE,FIXED-OBJECT,35.8417,-94.9839,2017,2017-06-24,20.46,1,0,N,       ,N,Y,1,Clear,Dusk,1.0,20,0,Roadway Departure Right,0,N,0.0,D,4.0,25.0,M,Y,1.0,Illigal Drugs,4.0,0,0,0,Drug-DUI,Drug-DUI,0,0,0,0,0,0,0,0,0,0,0,1,0,0,0,0,0,0,0,0,0,0,0,0,0,0,0,0,0,0,0,0,0,0,0,1,0
300315435,Tulsa,tulsa,,City Street,1,0.0,0.0,property_damage,0.0,0,0.0,0.0,0.0,RIGHT-ANGLE,RIGHT-ANGLE,36.1915932,-95.9045818,2017,2017-06-26,14.13,2,0,N,       ,Y,N,1,Clear,Daylight,1.0,1,0,No Roadway Departure,0,Y,0.0,D,2.0,56.0,M,Y,1.0,Drinking - Ability Impaired,99.0,0,0,0,Failed to Stop,For Traffic Signal,0,0,0,0,0,0,0,0,0,0,0,0,0,0,1,0,0,0,0,0,0,0,0,0,0,0,0,0,0,0,0,0,0,0,0,0,0
300315436,Tulsa,tulsa,,City Street,6,0.0,0.0,property_damage,0.0,0,0.0,0.0,0.0,REAR-END,REAR-END,36.1771454,-95.93823837,2017,2017-06-26,14.24,2,0,N,       ,Y,N,1,Clear,Daylight,1.0,3,0,No Roadway Departure,0,N,0.0,D,2.0,56.0,M,Y,1.0,Odor of Alcohol Beverage,4.0,0,0,0,Unsafe Speed,Exceeding Legal Limit,0,0,0,0,0,0,0,0,0,0,0,0,0,0,0,0,0,0,0,0,0,0,0,0,0,0,0,0,0,0,0,1,0,0,0,0,0
300315714,Delaware,northern,SH-28,State Highway,1,0.0,0.0,property_damage,0.0,0,0.0,0.0,0.0,REAR-END,REAR-END,36.4769186,-94.9872258,2017,2017-06-24,14.23,2,0,N,       ,Y,N,1,Clear,Daylight,1.0,4,0,No Roadway Departure,0,N,0.0,D,4.0,61.0,F,Y,1.0,Apparently Normal,4.0,0,0,0,Unsafe Speed,Other,0,0,0,0,0,0,0,0,0,0,0,0,0,0,0,0,0,0,0,0,0,0,0,0,0,0,0,0,0,0,0,1,0,0,0,0,0
300315785,Cherokee,southern,,County Road,0,0.0,0.0,property_damage,0.0,0,0.0,0.0,0.0,F-O TREE,FIXED-OBJECT,35.9815,-94.9443,2017,2017-06-26,17.42,1,0,N,       ,Y,N,1,Clear,Daylight,1.0,20,0,Roadway Departure Right,0,N,0.0,D,2.0,22.0,M,Y,1.0,Odor of Alcohol Beverage,4.0,0,0,0,Alcohol-DUI/DWI,Alcohol-DUI/DWI,0,1,0,0,0,0,0,0,0,0,0,0,0,0,0,0,0,0,0,0,0,0,0,0,0,0,0,0,0,0,0,0,0,0,0,0,0
300316022,Delaware,northern,SH412A,State Highway,0,0.0,0.0,fatal,1.0,1,0.0,1.0,0.0,HEAD-ON,HEAD-ON,36.1717465,-94.851071,2017,2017-05-18,17.48,2,0,N,       ,Y,N,1,Clear,Daylight,1.0,18,0,Roadway Departure Right,0,N,0.0,D,20.0,38.0,F,Y,3.0,Drinking - Ability Impaired,4.0,0,0,0,Alcohol-DUI/DWI,Alcohol-DUI/DWI,0,1,0,0,0,0,0,0,0,0,0,0,0,0,0,0,0,0,0,0,0,0,0,0,0,0,0,0,0,0,0,0,0,0,0,0,0
300316025,Mayes,northern,SH-28,State Highway,1,0.0,0.0,non_incapacitating_injury,1.0,0,0.0,1.0,0.0,ANGLE-TURNING,ANGLE-TURNING,36.4745305,-95.0956841,2017,2017-07-01,16.58,2,0,N,       ,Y,N,1,Clear,Daylight,1.0,7,0,Roadway Departure Right,0,N,0.0,D,20.0,52.0,M,Y,1.0,Odor of Alcohol Beverage,3.0,0,0,0,Failed to Yield,To Vehicle in Intersection,0,0,0,0,0,0,0,0,0,0,0,0,0,0,0,1,0,0,0,0,0,0,0,0,0,0,0,0,0,0,0,0,0,0,0,0,0
300316098,Tulsa,tulsa,,City Street,8,0.0,0.0,property_damage,0.0,0,0.0,0.0,0.0,OTHER,OTHER,36.1771726,-95.95641633,2017,2017-07-02,17.0,2,0,N,       ,Y,N,1,Rain,Daylight,2.0,19,0,Roadway Departure Left,0,Y,0.0,D,4.0,34.0,M,Y,1.0,Drinking - Ability Impaired,99.0,0,0,0,Other Improper Act/Movement,Other,0,0,0,0,0,0,0,0,0,0,0,0,0,0,0,0,0,0,0,0,0,0,0,0,0,0,0,0,1,0,0,0,0,0,1,0,0
300316250,Tulsa,tulsa,,City Street,7,0.0,0.0,fatal,0.0,1,0.0,0.0,0.0,PEDESTRIAN,PEDESTRIAN,36.16218899,-95.9224948,2017,2017-06-23,23.31,1,0,N,       ,Y,N,1,Cloudy,Dark / Unlighted,1.0,21,1,No Roadway Departure,0,N,0.0,P,0.0,41.0,M,N,5.0,Drinking - Ability Impaired,0.0,0,0,0,Pedestrian Action,Pedestrian Action,0,0,0,0,0,0,0,0,0,0,0,0,0,0,0,0,0,0,0,0,0,0,0,0,0,0,0,0,0,1,0,0,0,0,0,1,0
300316283,Rogers,northern,I-44,Interstate,0,0.0,0.0,property_damage,0.0,0,0.0,0.0,0.0,REAR-END,REAR-END,36.1624179,-95.7940153,2017,2017-06-26,15.04,2,0,N,       ,N,Y,1,Clear,Daylight,1.0,3,0,No Roadway Departure,0,Y,0.0,D,20.0,42.0,M,Y,1.0,Illigal Drugs,4.0,0,0,0,Drug-DUI,Drug-DUI,0,0,0,0,0,0,0,0,0,0,0,1,0,0,0,0,0,0,0,0,0,0,0,0,0,0,0,0,0,0,0,0,0,0,0,0,0
300316291,Rogers,northern,I-44,Interstate,0,71.0,0.0,non_incapacitating_injury,2.0,0,0.0,2.0,0.0,REAR-END,REAR-END,36.1624949,-95.7653487,2017,2017-06-21,1.45,2,0,N,       ,Y,N,1,Clear,Dark / Unlighted,1.0,2,0,Fixed Object,0,N,0.0,D,2.0,28.0,M,Y,3.0,Drinking - Ability Impaired,4.0,0,0,0,Alcohol-DUI/DWI,Alcohol-DUI/DWI,0,1,0,0,0,0,0,0,0,0,0,0,0,0,0,0,0,0,0,0,0,0,0,0,0,0,0,0,0,0,0,0,0,0,0,1,0
300316299,Tulsa,tulsa,,City Street,6,0.0,0.0,possible_injury,0.0,0,0.0,0.0,1.0,F-O MAILBOX,FIXED-OBJECT,36.1829895,-95.93887187,2017,2017-06-25,0.4,1,0,N,       ,N,Y,1,Clear,Dark / Unlighted,1.0,19,0,Roadway Departure Left,0,N,0.0,D,2.0,21.0,M,Y,2.0,Illigal Drugs,4.0,0,0,0,Drug-DUI,Drug-DUI,0,0,0,0,0,0,0,0,0,0,0,1,0,0,0,0,0,0,0,0,0,0,0,0,0,0,0,0,0,0,0,0,0,0,0,1,0
300316404,Cherokee,southern,US-62,US Route,0,0.0,0.0,non_incapacitating_injury,1.0,0,0.0,1.0,0.0,F-O TRAFF-SIGN,FIXED-OBJECT,35.7981846,-95.1182218,2017,2017-07-01,18.34,1,0,N,       ,Y,N,1,Clear,Daylight,1.0,20,0,Roadway Departure Right,0,N,0.0,D,4.0,19.0,M,Y,3.0,Odor of Alcohol Beverage,4.0,0,1,0,Inattention,Other,0,0,0,0,0,0,0,0,0,0,0,0,0,0,0,0,0,0,0,0,0,0,0,0,1,0,0,0,0,0,0,0,0,0,0,0,0
300316406,Cherokee,southern,US-62,US Route,0,0.0,0.0,incapacitating_injury,1.0,0,1.0,0.0,0.0,F-O TRAFF-SIGN,FIXED-OBJECT,35.9298787,-94.8684712,2017,2017-06-17,1.47,1,0,N,       ,Y,N,1,Clear,Dark / Unlighted,1.0,19,0,Roadway Departure Left,0,N,0.0,D,4.0,60.0,M,Y,4.0,Odor of Alcohol Beverage,1.0,0,0,0,Alcohol-DUI/DWI,Alcohol-DUI/DWI,0,1,0,0,0,0,0,0,0,0,0,0,0,0,0,0,0,0,0,0,0,0,0,0,0,0,0,0,0,0,0,0,0,0,0,1,0
300316504,Ottawa,northern,,County Road,0,0.0,0.0,property_damage,0.0,0,0.0,0.0,0.0,F-O CULVERT,FIXED-OBJECT,36.6845,-94.9265,2017,2017-07-04,19.12,1,0,N,       ,Y,N,1,Cloudy,Daylight,2.0,20,0,Roadway Departure Right,0,N,0.0,D,20.0,30.0,M,Y,1.0,Drinking - Ability Impaired,1.0,0,0,0,Alcohol-DUI/DWI,Alcohol-DUI/DWI,0,1,0,0,0,0,0,0,0,0,0,0,0,0,0,0,0,0,0,0,0,0,0,0,0,0,0,0,0,0,0,0,0,0,0,0,0
300316714,Sequoyah,southern,,County Road,0,0.0,0.0,possible_injury,0.0,0,0.0,0.0,1.0,PEDESTRIAN,PEDESTRIAN,35.3904,-94.4948,2017,2017-07-04,22.0,1,0,N,       ,Y,N,1,Clear,Dark / Unlighted,1.0,21,1,No Roadway Departure,0,N,0.0,D,2.0,37.0,F,Y,1.0,Apparently Normal,4.0,0,0,0,No Improper Action by Driver,No Improper Action by Driver,0,0,0,0,0,0,0,0,0,0,0,0,0,0,0,0,0,0,0,0,0,0,0,0,0,0,1,0,0,0,0,0,0,0,0,1,0