crash_id,county,region,highway_name,highway_class,intersection_rel,special_feature_1,special_feature_2,severity_level,visual_injured_num,fatal_num,suspected_serious_injured_num,non_incapacitated_injured_num,possibly_injured_num,crash_type,main_crash_type,latitude,longitude,year,date,time,number_of_vehicles,number_of_commercial_vehicles,work_zone,railroad_crossing,alcohol,drug,Alcohol or Drug,weather_condition,lighting_condition,road_condition,manner_of_collision,pedestrians_num,roadway_departure,cross_centerline,hit_and_run,emergency_vehicle_use,unit_type,vehicle_type,age,sex,driver_of_vehicle,injury_severity,person_condition,restraint_use,older_driver,teen_driver,Sleepy/Ill/Dizzy Driver,unsafe_unlaw_category,unsafe_unlaw_desc,Abnormal Traffic Control,Alcohol-DUI/DWI,Animal in Roadway,Apparently Sleepy,Avoiding Other Vehicle,Avoiding Pedestrian,Changed Lanes Unsafely,Deer in Roadway,Defect in Roadway,Disregarded Warning Signal,Domestic Animal in Roadway,Drug-DUI,Failed to Secure Load,Failed to Signal,Failed to Stop,Failed to Yield,Followed too Closely,Improper Backing,Improper Bicyclist Action,Improper Overtaking,Improper Parking,Improper Start From,Improper Turn,Improper Use of Lane,Distraction,Left of Center,No Improper Action by Driver,Object/Debris in Roadway,Other Improper Act/Movement,Pedestrian Action,Stopped in Traffic Lane,Speeding,Unsafe Vehicle,Wrong Way,Bad Weather,Bad Lighting,Bad Road Condition
300349213,Tulsa,tulsa,,City Street,7,0.0,0.0,incapacitating_injury,1.0,0,1.0,0.0,1.0,F-O CURB,FIXED-OBJECT,36.18211299,-95.9957277,2018,2018-02-16,16.57,1,0,N,       ,Y,N,1,Cloudy,Daylight,1.0,20,0,Roadway Departure Right,0,N,0.0,D,1.0,34.0,M,Y,4.0,Odor of Alcohol Beverage,4.0,0,0,0,Unsafe Speed,Driver's Ability (Aged),0,0,0,0,0,0,0,0,0,0,0,0,0,0,0,0,0,0,0,0,0,0,0,0,0,0,0,0,0,0,0,1,0,0,0,0,0
300349214,Tulsa,tulsa,,City Street,7,0.0,0.0,property_damage,0.0,0,0.0,0.0,0.0,OTHER,OTHER,36.16415689,-95.9303149,2018,2018-02-11,20.3,2,0,N,       ,N,Y,1,Clear,Dark / Lighted,1.0,35,0,No Roadway Departure,0,Y,0.0,D,4.0,18.0,M,Y,1.0,Illigal Drugs,1.0,0,1,0,Drug-DUI,Drug-DUI,0,0,0,0,0,0,0,0,0,0,0,1,0,0,0,0,0,0,0,0,0,0,0,0,0,0,0,0,0,0,0,0,0,0,0,0,0
300349384,Adair,southern,US-59,US Route,0,0.0,0.0,property_damage,0.0,0,0.0,0.0,0.0,F-O CULVERT,FIXED-OBJECT,35.9081368,-94.6231408,2018,2018-02-21,19.57,1,0,N,       ,Y,N,1,Clear,Dark / Unlighted,2.0,20,0,Roadway Departure Right,0,N,0.0,D,2.0,81.0,M,Y,1.0,Odor of Alcohol Beverage,4.0,1,0,0,Unsafe Speed,Rain or Wet Roadway,0,0,0,0,0,0,0,0,0,0,0,0,0,0,0,0,0,0,0,0,0,0,0,0,0,0,0,0,0,0,0,1,0,0,0,1,0
300349399,Rogers,northern,I-44,Turnpike Interstate,0,0.0,0.0,non_incapacitating_injury,1.0,0,0.0,1.0,0.0,F-O BARR-CONCRETE,FIXED-OBJECT,36.2876036,-95.6151155,2018,2018-02-18,20.24,1,0,N,       ,N,Y,1,Rain,Dark / Unlighted,2.0,19,0,Roadway Departure Right,0,N,0.0,D,2.0,41.0,M,Y,3.0,Illigal Drugs,4.0,0,0,0,Drug-DUI,Drug-DUI,0,0,0,0,0,0,0,0,0,0,0,1,0,0,0,0,0,0,0,0,0,0,0,0,0,0,0,0,0,0,0,0,0,0,1,1,0
300349524,Sequoyah,southern,US-59,US Route,0,0.0,0.0,property_damage,0.0,0,0.0,0.0,0.0,F-O EMBANKMENT,FIXED-OBJECT,35.4218856,-94.8056059,2018,2018-02-24,1.54,1,0,N,       ,Y,N,1,Rain,Dark / Unlighted,2.0,20,0,Roadway Departure Right,0,Y,0.0,D,4.0,24.0,M,Y,1.0,Odor of Alcohol Beverage,1.0,0,0,0,Wrong Way,On One Way,0,0,0,0,0,0,0,0,0,0,0,0,0,0,0,0,0,0,0,0,0,0,0,0,0,0,0,0,0,0,0,0,0,1,1,1,0
300349784,Delaware,northern,US-59,US Route,0,0.0,0.0,property_damage,0.0,0,0.0,0.0,0.0,F-O GUARDRL-FACE,FIXED-OBJECT,36.3974851,-94.8198424,2018,2018-02-17,1.04,1,0,N,       ,Y,N,1,Rain,Dark / Unlighted,2.0,19,0,Roadway Departure Right,0,N,0.0,D,4.0,64.0,M,Y,1.0,Odor of Alcohol Beverage,4.0,0,0,0,Unsafe Speed,Rain or Wet Roadway,0,0,0,0,0,0,0,0,0,0,0,0,0,0,0,0,0,0,0,0,0,0,0,0,0,0,0,0,0,0,0,1,0,0,1,1,0
300349860,Tulsa,tulsa,,City Street,5,0.0,0.0,property_damage,0.0,0,0.0,0.0,0.0,OTHER,OTHER,36.17012371,-95.9190572,2018,2018-02-17,0.0,2,0,N,       ,Y,N,1,Rain,Dark / Unlighted,2.0,20,0,Roadway Departure Right,0,Y,0.0,D,2.0,23.0,F,Y,1.0,Drinking - Ability Impaired,99.0,0,0,0,Alcohol-DUI/DWI,Alcohol-DUI/DWI,0,1,0,0,0,0,0,0,0,0,0,0,0,0,0,0,0,0,0,0,0,0,0,0,0,0,0,0,0,0,0,0,0,0,1,1,0
300349865,Nowata,northern,US-169,US Route,0,0.0,0.0,fatal,3.0,1,0.0,3.0,0.0,ANGLE-TURNING,ANGLE-TURNING,36.7914964,-95.6294889,2017,2017-11-19,19.07,2,0,N,       ,N,Y,1,Cloudy,Dark / Unlighted,1.0,10,0,Roadway Departure Right,0,N,0.0,D,2.0,38.0,M,Y,5.0,Illigal Drugs,1.0,0,0,0,Improper Turn,Turn About/U-Turn,0,0,0,0,0,0,0,0,0,0,0,0,0,0,0,0,0,0,0,0,0,0,1,0,0,0,0,0,0,0,0,0,0,0,0,1,0
300350178,Sequoyah,southern,,County Road,0,76.0,0.0,property_damage,0.0,0,0.0,0.0,0.0,F-O EMBANKMENT,FIXED-OBJECT,35.4344,-94.8243,2018,2018-02-28,7.38,1,0,N,       ,N,Y,1,Rain,Daylight,2.0,19,0,Roadway Departure Right,1,N,0.0,D,4.0,30.0,M,Y,1.0,Illigal Drugs,1.0,0,0,0,Drug-DUI,Drug-DUI,0,0,0,0,0,0,0,0,0,0,0,1,0,0,0,0,0,0,0,0,0,0,0,0,0,0,0,0,0,0,0,0,0,0,1,0,0
300350541,Sequoyah,southern,SH-64D,State Highway,0,0.0,0.0,property_damage,0.0,0,0.0,0.0,0.0,F-O TREE,FIXED-OBJECT,35.4482811,-94.442189,2018,2018-03-01,16.43,1,0,N,       ,Y,N,1,Clear,Daylight,1.0,20,0,Roadway Departure Right,0,N,0.0,D,1.0,26.0,M,Y,1.0,Odor of Alcohol Beverage,99.0,0,0,0,Alcohol-DUI/DWI,Alcohol-DUI/DWI,0,1,0,0,0,0,0,0,0,0,0,0,0,0,0,0,0,0,0,0,0,0,0,0,0,0,0,0,0,0,0,0,0,0,0,0,0
300350734,Delaware,northern,US-59,US Route,0,76.0,0.0,property_damage,0.0,0,0.0,0.0,0.0,F-O TREE,FIXED-OBJECT,36.3666615,-94.8195132,2018,2018-03-04,3.55,1,0,N,       ,Y,N,1,Clear,Dark / Unlighted,1.0,19,0,Roadway Departure Right,1,N,0.0,D,4.0,23.0,M,Y,1.0,Drinking - Ability Impaired,1.0,0,0,0,Alcohol-DUI/DWI,Alcohol-DUI/DWI,0,1,0,0,0,0,0,0,0,0,0,0,0,0,0,0,0,0,0,0,0,0,0,0,0,0,0,0,0,0,0,0,0,0,0,1,0
300350800,Sequoyah,southern,,County Road,1,0.0,0.0,property_damage,0.0,0,0.0,0.0,0.0,F-O POLE-OTHER,FIXED-OBJECT,35.3619,-94.708,2018,2018-03-03,18.05,1,0,N,       ,Y,N,1,Clear,Daylight,1.0,20,0,Roadway Departure Right,0,N,0.0,D,2.0,41.0,M,Y,1.0,Odor of Alcohol Beverage,4.0,0,0,0,Unsafe Speed,For Type of Roadway (Pavement Surface),0,0,0,0,0,0,0,0,0,0,0,0,0,0,0,0,0,0,0,0,0,0,0,0,0,0,0,0,0,0,0,1,0,0,0,0,0
300350908,Tulsa,tulsa,,City Street,7,0.0,0.0,property_damage,0.0,0,0.0,0.0,0.0,OTHER,OTHER,36.16590899,-95.9045444,2018,2018-03-04,0.45,3,0,N,       ,N,Y,1,Fog/Smoke,Dark / Lighted,1.0,20,0,Roadway Departure Right,0,Y,0.0,D,1.0,0.0,9,Y,1.0,Unknown,99.0,0,0,0,Drug-DUI,Drug-DUI,0,0,0,0,0,0,0,0,0,0,0,1,0,0,0,0,0,0,0,0,0,0,0,0,0,0,0,0,0,0,0,0,0,0,1,0,0
300350986,Ottawa,northern,US-59,US Route,0,0.0,0.0,non_incapacitating_injury,1.0,0,0.0,1.0,0.0,F-O GUARDRL-END,FIXED-OBJECT,36.7112818,-94.9285536,2018,2018-03-04,1.21,1,0,N,       ,Y,N,1,Clear,Dark / Unlighted,1.0,20,0,Fixed Object,0,N,0.0,D,20.0,30.0,M,Y,3.0,Drinking - Ability Impaired,4.0,0,0,0,Alcohol-DUI/DWI,Alcohol-DUI/DWI,0,1,0,0,0,0,0,0,0,0,0,0,0,0,0,0,0,0,0,0,0,0,0,0,0,0,0,0,0,0,0,0,0,0,0,1,0
300351107,Tulsa,tulsa,,City Street,5,0.0,0.0,incapacitating_injury,1.0,0,1.0,0.0,0.0,PEDESTRIAN,PEDESTRIAN,36.17927471,-95.9403834,2018,2018-02-28,19.42,1,0,N,       ,Y,N,1,Clear,Dark / Lighted,1.0,21,1,No Roadway Departure,0,Y,0.0,D,2.0,0.0,9,Y,1.0,Unknown,99.0,0,0,0,Failed to Yield,To Pedestrian,0,0,0,0,0,0,0,0,0,0,0,0,0,0,0,1,0,0,0,0,0,0,0,0,0,0,0,0,0,0,0,0,0,0,0,0,0
300351382,Mayes,northern,US-69,US Route,0,0.0,0.0,property_damage,0.0,0,0.0,0.0,0.0,SIDESWIPE-SAME,SIDESWIPE-SAME,36.2298024,-95.3395288,2018,2018-03-05,21.04,2,0,N,       ,Y,N,1,Clear,Dark / Unlighted,1.0,16,0,No Roadway Departure,0,N,0.0,D,4.0,39.0,M,Y,1.0,Drinking - Ability Impaired,4.0,0,0,0,Alcohol-DUI/DWI,Alcohol-DUI/DWI,0,1,0,0,0,0,0,0,0,0,0,0,0,0,0,0,0,0,0,0,0,0,0,0,0,0,0,0,0,0,0,0,0,0,0,1,0
300351520,Ottawa,northern,US-60,US Route,0,0.0,0.0,non_incapacitating_injury,2.0,0,0.0,2.0,0.0,F-O CULVERT,FIXED-OBJECT,36.7228812,-94.9056852,2018,2018-03-02,16.53,1,0,N,       ,Y,N,1,Clear,Daylight,1.0,20,0,Roadway Departure Right,0,N,0.0,D,2.0,17.0,M,Y,3.0,Drinking - Ability Impaired,4.0,0,1,0,Alcohol-DUI/DWI,Alcohol-DUI/DWI,0,1,0,0,0,0,0,0,0,0,0,0,0,0,0,0,0,0,0,0,0,0,0,0,0,0,0,0,0,0,0,0,0,0,0,0,0
300351592,Tulsa,tulsa,,City Street,7,76.0,0.0,property_damage,0.0,0,0.0,0.0,0.0,SIDESWIPE-OPP,SIDESWIPE-OPP,36.18587519,-95.9403103,2018,2018-03-03,12.44,2,0,N,       ,Y,N,1,Clear,Daylight,1.0,17,0,No Roadway Departure,1,N,0.0,D,4.0,45.0,M,Y,1.0,Drinking - Ability Impaired,99.0,0,0,0,Alcohol-DUI/DWI,Alcohol-DUI/DWI,0,1,0,0,0,0,0,0,0,0,0,0,0,0,0,0,0,0,0,0,0,0,0,0,0,0,0,0,0,0,0,0,0,0,0,0,0
300351876,Muskogee,southern,,County Road,0,0.0,0.0,non_incapacitating_injury,1.0,0,0.0,1.0,1.0,ROLLOVER,ROLLOVER,35.4349,-95.2512,2018,2018-03-03,23.58,1,0,N,       ,Y,N,1,Cloudy,Dark / Unlighted,1.0,20,0,Roadway Departure Left,0,N,0.0,D,4.0,26.0,M,Y,3.0,Odor of Alcohol Beverage,4.0,0,0,0,Unsafe Speed,For Type of Roadway (Pavement Surface),0,0,0,0,0,0,0,0,0,0,0,0,0,0,0,0,0,0,0,0,0,0,0,0,0,0,0,0,0,0,0,1,0,0,0,1,0
300352300,Rogers,northern,,County Road,0,0.0,0.0,incapacitating_injury,1.0,0,1.0,0.0,0.0,OTHER,OTHER,36.1878,-95.7146,2018,2018-02-16,22.09,2,0,N,       ,Y,N,1,Clear,Dark / Unlighted,1.0,19,0,Roadway Departure Left,0,N,0.0,D,4.0,55.0,M,Y,4.0,Drinking - Ability Impaired,4.0,0,0,0,Alcohol-DUI/DWI,Alcohol-DUI/DWI,0,1,0,0,0,0,0,0,0,0,0,0,0,0,0,0,0,0,0,0,0,0,0,0,0,0,0,0,0,0,0,0,0,0,0,1,0
300352307,Rogers,northern,,County Road,0,0.0,0.0,possible_injury,0.0,0,0.0,0.0,1.0,F-O DITCH,FIXED-OBJECT,36.2687,-95.4713,2018,2018-02-28,20.47,1,0,N,       ,Y,N,1,Cloudy,Dark / Unlighted,1.0,20,0,Roadway Departure Right,1,N,0.0,D,4.0,45.0,M,Y,1.0,Drinking - Ability Impaired,99.0,0,0,0,Alcohol-DUI/DWI,Alcohol-DUI/DWI,0,1,0,0,0,0,0,0,0,0,0,0,0,0,0,0,0,0,0,0,0,0,0,0,0,0,0,0,0,0,0,0,0,0,0,1,0
300352316,Cherokee,southern,SH-82,State Highway,0,76.0,0.0,fatal,0.0,1,0.0,0.0,1.0,F-O TREE,FIXED-OBJECT,36.0553505,-95.0783438,2017,2017-12-04,9.52,1,0,N,       ,N,Y,1,Cloudy,Daylight,1.0,19,0,Roadway Departure Left,1,N,0.0,D,20.0,37.0,M,Y,5.0,Illigal Drugs,4.0,0,0,0,Drug-DUI,Drug-DUI,0,0,0,0,0,0,0,0,0,0,0,1,0,0,0,0,0,0,0,0,0,0,0,0,0,0,0,0,0,0,0,0,0,0,0,0,0
300352320,Rogers,northern,,County Road,0,0.0,0.0,non_incapacitating_injury,1.0,0,0.0,1.0,0.0,ROLLOVER,ROLLOVER,36.2614,-95.7583,2018,2018-03-10,1.42,1,0,N,       ,Y,N,1,Clear,Dark / Unlighted,1.0,20,0,Roadway Departure Right,0,N,0.0,D,15.0,41.0,M,Y,3.0,Drinking - Ability Impaired,1.0,0,0,0,Alcohol-DUI/DWI,Alcohol-DUI/DWI,0,1,0,0,0,0,0,0,0,0,0,0,0,0,0,0,0,0,0,0,0,0,0,0,0,0,0,0,0,0,0,0,0,0,0,1,0
300352399,Sequoyah,southern,,County Road,0,0.0,0.0,non_incapacitating_injury,1.0,0,0.0,1.0,0.0,F-O CULVERT,FIXED-OBJECT,35.5003,-95.0483,2018,2018-03-14,2.18,1,0,N,       ,Y,N,1,Clear,Dark / Unlighted,1.0,20,0,Roadway Departure Right,0,N,0.0,D,20.0,25.0,F,Y,3.0,Drinking - Ability Impaired,1.0,0,0,0,Alcohol-DUI/DWI,Alcohol-DUI/DWI,0,1,0,0,0,0,0,0,0,0,0,0,0,0,0,0,0,0,0,0,0,0,0,0,0,0,0,0,0,0,0,0,0,0,0,1,0
300352537,Tulsa,tulsa,I-244,Interstate,0,0.0,0.0,possible_injury,0.0,0,0.0,0.0,1.0,F-O BARR-CONCRETE,FIXED-OBJECT,36.1619011,-95.8813917,2018,2018-03-04,22.2,1,0,N,       ,Y,N,1,Clear,Dark / Lighted,1.0,19,0,Roadway Departure Left,0,N,0.0,D,20.0,48.0,F,Y,2.0,Odor of Alcohol Beverage,4.0,0,0,0,Improper Use of Lane,Improper Use of Lane,0,0,0,0,0,0,0,0,0,0,0,0,0,0,0,0,0,0,0,0,0,0,0,1,0,0,0,0,0,0,0,0,0,0,0,0,0
300352544,Tulsa,tulsa,,City Street,1,0.0,0.0,property_damage,0.0,0,0.0,0.0,0.0,REAR-END,REAR-END,36.1660573,-95.9756224,2018,2018-03-04,1.32,2,0,N,       ,Y,N,1,Clear,Dark / Lighted,1.0,5,0,No Roadway Departure,0,N,0.0,D,21.0,25.0,M,Y,1.0,Drinking - Ability Impaired,1.0,0,0,0,Alcohol-DUI/DWI,Alcohol-DUI/DWI,0,1,0,0,0,0,0,0,0,0,0,0,0,0,0,0,0,0,0,0,0,0,0,0,0,0,0,0,0,0,0,0,0,0,0,0,0
300352643,Mayes,northern,,County Road,0,0.0,0.0,property_damage,0.0,0,0.0,0.0,0.0,F-O TREE,FIXED-OBJECT,36.2819,-95.1121,2018,2018-03-10,2.4,1,0,N,       ,Y,N,1,Clear,Dark / Unlighted,1.0,20,0,Roadway Departure Right,0,N,0.0,D,4.0,25.0,M,Y,1.0,Under the Influence of Medication,4.0,0,0,0,Alcohol-DUI/DWI,Alcohol-DUI/DWI,0,1,0,0,0,0,0,0,0,0,0,0,0,0,0,0,0,0,0,0,0,0,0,0,0,0,0,0,0,0,0,0,0,0,0,1,0
300352648,Ottawa,northern,,County Road,0,0.0,0.0,non_incapacitating_injury,1.0,0,0.0,1.0,0.0,F-O TREE,FIXED-OBJECT,36.83,-94.8946,2018,2018-03-10,19.44,1,0,N,       ,Y,N,1,Clear,Dark / Unlighted,5.0,20,0,Roadway Departure Right,0,N,0.0,D,4.0,54.0,F,Y,3.0,Drinking - Ability Impaired,1.0,0,0,0,Alcohol-DUI/DWI,Alcohol-DUI/DWI,0,1,0,0,0,0,0,0,0,0,0,0,0,0,0,0,0,0,0,0,0,0,0,0,0,0,0,0,0,0,0,0,0,0,0,1,1
300352649,Mayes,northern,,County Road,0,0.0,0.0,non_incapacitating_injury,1.0,0,0.0,1.0,0.0,F-O UTIL-POLE,FIXED-OBJECT,36.2055,-95.1915,2018,2018-03-15,22.38,1,0,N,       ,Y,N,1,Clear,Dark / Unlighted,1.0,20,0,Roadway Departure Right,0,N,0.0,D,2.0,46.0,M,Y,3.0,Drinking - Ability Impaired,4.0,0,0,0,Alcohol-DUI/DWI,Alcohol-DUI/DWI,0,1,0,0,0,0,0,0,0,0,0,0,0,0,0,0,0,0,0,0,0,0,0,0,0,0,0,0,0,0,0,0,0,0,0,1,0
300352794,Sequoyah,southern,,County Road,0,0.0,0.0,property_damage,0.0,0,0.0,0.0,0.0,F-O DITCH,FIXED-OBJECT,35.4777,-94.5113,2018,2018-03-17,23.09,1,0,N,       ,Y,N,1,Clear,Dark / Unlighted,1.0,20,0,Roadway Departure Right,0,N,0.0,D,20.0,37.0,M,Y,1.0,Drinking - Ability Impaired,4.0,0,0,0,Unsafe Speed,For Type of Roadway (Pavement Surface),0,0,0,0,0,0,0,0,0,0,0,0,0,0,0,0,0,0,0,0,0,0,0,0,0,0,0,0,0,0,0,1,0,0,0,1,0
300352962,Adair,southern,,County Road,0,0.0,0.0,property_damage,0.0,0,0.0,0.0,0.0,F-O TREE,FIXED-OBJECT,35.8699,-94.6561,2018,2018-03-14,8.19,1,0,N,       ,Y,N,1,Clear,Daylight,1.0,19,0,Roadway Departure Right,0,Y,0.0,D,2.0,28.0,M,Y,1.0,Drinking - Ability Impaired,4.0,0,0,0,Alcohol-DUI/DWI,Alcohol-DUI/DWI,0,1,0,0,0,0,0,0,0,0,0,0,0,0,0,0,0,0,0,0,0,0,0,0,0,0,0,0,0,0,0,0,0,0,0,0,0
300352965,Adair,southern,US-59,US Route,1,0.0,0.0,property_damage,0.0,0,0.0,0.0,0.0,ANGLE-TURNING,ANGLE-TURNING,36.0734717,-94.5814205,2018,2018-03-18,6.17,2,0,N,       ,Y,N,1,Clear,Dark / Unlighted,1.0,12,0,No Roadway Departure,0,N,0.0,D,4.0,23.0,M,Y,1.0,Drinking - Ability Impaired,4.0,0,0,0,Alcohol-DUI/DWI,Alcohol-DUI/DWI,0,1,0,0,0,0,0,0,0,0,0,0,0,0,0,0,0,0,0,0,0,0,0,0,0,0,0,0,0,0,0,0,0,0,0,1,0
300352995,Mayes,northern,,County Road,0,76.0,0.0,fatal,0.0,1,0.0,0.0,0.0,F-O TREE,FIXED-OBJECT,36.3077,-95.0399,2018,2018-02-17,12.27,1,0,N,       ,Y,N,1,Cloudy,Daylight,2.0,19,0,Roadway Departure Right,1,N,0.0,D,2.0,61.0,M,Y,5.0,Unknown,4.0,0,0,0,Alcohol-DUI/DWI,Alcohol-DUI/DWI,0,1,0,0,0,0,0,0,0,0,0,0,0,0,0,0,0,0,0,0,0,0,0,0,0,0,0,0,0,0,0,0,0,0,0,0,0
300353184,Cherokee,southern,,County Road,0,0.0,0.0,property_damage,0.0,0,0.0,0.0,0.0,F-O TREE,FIXED-OBJECT,35.7053,-94.8527,2018,2018-03-14,19.23,1,0,N,       ,Y,N,1,Fog/Smoke,Dusk,1.0,20,0,Roadway Departure Right,0,N,0.0,D,2.0,58.0,M,Y,1.0,Drinking - Ability Impaired,1.0,0,0,0,Alcohol-DUI/DWI,Alcohol-DUI/DWI,0,1,0,0,0,0,0,0,0,0,0,0,0,0,0,0,0,0,0,0,0,0,0,0,0,0,0,0,0,0,0,0,0,0,1,1,0
300353235,Tulsa,tulsa,,City Street,5,0.0,0.0,property_damage,0.0,0,0.0,0.0,0.0,F-O FENCE,FIXED-OBJECT,36.16652151,-95.9320149,2018,2018-03-17,7.55,1,0,N,       ,Y,N,1,Clear,Daylight,1.0,19,0,Roadway Departure Left,0,Y,0.0,D,20.0,37.0,M,Y,1.0,Odor of Alcohol Beverage,4.0,0,0,0,Unsafe Speed,Exceeding Legal Limit,0,0,0,0,0,0,0,0,0,0,0,0,0,0,0,0,0,0,0,0,0,0,0,0,0,0,0,0,0,0,0,1,0,0,0,0,0
300353367,Mayes,northern,,County Road,0,76.0,0.0,non_incapacitating_injury,1.0,0,0.0,1.0,0.0,F-O TRAFF-SIGN,FIXED-OBJECT,36.2642,-95.3097,2018,2018-03-17,13.41,1,0,N,       ,N,Y,1,Cloudy,Daylight,1.0,19,0,Roadway Departure Left,1,N,0.0,D,2.0,28.0,M,Y,3.0,Apparently Normal,4.0,0,0,0,Drug-DUI,Drug-DUI,0,0,0,0,0,0,0,0,0,0,0,1,0,0,0,0,0,0,0,0,0,0,0,0,0,0,0,0,0,0,0,0,0,0,0,0,0
300353689,Tulsa,tulsa,,City Street,6,0.0,0.0,incapacitating_injury,1.0,0,1.0,0.0,0.0,SIDESWIPE-OPP,SIDESWIPE-OPP,36.1914849,-95.97296337,2018,2018-03-25,2.18,3,0,N,       ,Y,N,1,Clear,Dark / Lighted,1.0,17,0,No Roadway Departure,0,Y,0.0,D,2.0,27.0,M,Y,1.0,Drinking - Ability Impaired,3.0,0,0,0,Alcohol-DUI/DWI,Alcohol-DUI/DWI,0,1,0,0,0,0,0,0,0,0,0,0,0,0,0,0,0,0,0,0,0,0,0,0,0,0,0,0,0,0,0,0,0,0,0,0,0
300353699,Mayes,northern,,County Road,0,0.0,0.0,non_incapacitating_injury,1.0,0,0.0,1.0,0.0,F-O MAILBOX,FIXED-OBJECT,36.1077,-95.2933,2018,2018-03-22,16.03,1,0,N,       ,Y,N,1,Clear,Daylight,1.0,20,0,Roadway Departure Right,0,N,0.0,D,1.0,36.0,M,Y,3.0,Odor of Alcohol Beverage,1.0,0,0,0,Unsafe Speed,Exceeding Legal Limit,0,0,0,0,0,0,0,0,0,0,0,0,0,0,0,0,0,0,0,0,0,0,0,0,0,0,0,0,0,0,0,1,0,0,0,0,0
300353753,Sequoyah,southern,I-40,Interstate,0,7.0,0.0,possible_injury,0.0,0,0.0,0.0,1.0,F-O CURB,FIXED-OBJECT,35.4068892,-94.6793893,2018,2018-03-24,23.14,1,0,N,       ,Y,N,1,Clear,Dark / Lighted,1.0,33,0,Fixed Object,0,N,0.0,D,15.0,46.0,M,Y,2.0,Odor of Alcohol Beverage,99.0,0,0,0,Unsafe Speed,Other,0,0,0,0,0,0,0,0,0,0,0,0,0,0,0,0,0,0,0,0,0,0,0,0,0,0,0,0,0,0,0,1,0,0,0,0,0
300353842,Muskogee,southern,SH-165,State Highway,1,0.0,0.0,property_damage,0.0,0,0.0,0.0,0.0,ANGLE-TURNING,ANGLE-TURNING,35.7201062,-95.3223765,2018,2018-03-09,8.0,2,0,N,       ,N,Y,1,Clear,Daylight,1.0,7,0,No Roadway Departure,0,N,0.0,D,1.0,40.0,F,Y,1.0,Under the Influence of Medication,4.0,0,0,0,Drug-DUI,Drug-DUI,0,0,0,0,0,0,0,0,0,0,0,1,0,0,0,0,0,0,0,0,0,0,0,0,0,0,0,0,0,0,0,0,0,0,0,0,0
300353858,Craig,northern,,County Road,0,19.0,0.0,fatal,0.0,1,0.0,0.0,0.0,OTH-SINGLE-VEH,OTH-SINGLE-VEH,36.5253,-95.2316,2018,2018-01-29,20.2,0,0,N,       ,Y,N,1,Clear,Dark / Unlighted,1.0,21,1,No Roadway Departure,0,N,0.0,P,0.0,35.0,M,N,5.0,Drinking - Ability Impaired,0.0,0,0,0,,,0,0,0,0,0,0,0,0,0,0,0,0,0,0,0,0,0,0,0,0,0,0,0,0,0,0,0,0,0,0,0,0,0,0,0,1,0
300353897,Tulsa,tulsa,I-244,Interstate,0,32.0,0.0,property_damage,0.0,0,0.0,0.0,0.0,F-O TRAFF-SIGN,FIXED-OBJECT,36.163959,-95.8307406,2018,2018-02-23,17.49,1,0,N,       ,N,Y,1,Rain,Dark / Lighted,2.0,20,0,Roadway Departure Right,0,N,0.0,D,2.0,26.0,M,Y,1.0,Illigal Drugs,4.0,0,0,0,Drug-DUI,Drug-DUI,0,0,0,0,0,0,0,0,0,0,0,1,0,0,0,0,0,0,0,0,0,0,0,0,0,0,0,0,0,0,0,0,0,0,1,0,0
300354066,Cherokee,southern,,County Road,0,0.0,0.0,property_damage,0.0,0,0.0,0.0,0.0,F-O TREE,FIXED-OBJECT,36.1433,-95.1176,2018,2018-03-25,20.31,1,0,N,       ,Y,N,1,Clear,Dark / Unlighted,1.0,19,0,Roadway Departure Right,1,N,0.0,D,4.0,27.0,M,Y,1.0,Drinking - Ability Impaired,4.0,0,0,0,Alcohol-DUI/DWI,Alcohol-DUI/DWI,0,1,0,0,0,0,0,0,0,0,0,0,0,0,0,0,0,0,0,0,0,0,0,0,0,0,0,0,0,0,0,0,0,0,0,1,0
300354395,Mayes,northern,SH-28,State Highway,0,0.0,0.0,non_incapacitating_injury,1.0,0,0.0,1.0,0.0,F-O UTIL-POLE,FIXED-OBJECT,36.4378054,-95.3853151,2018,2018-03-29,16.14,1,0,N,       ,N,Y,1,Cloudy,Daylight,1.0,20,0,Roadway Departure Right,0,N,0.0,D,4.0,43.0,F,Y,3.0,Under the Influence of Medication,4.0,0,0,0,Drug-DUI,Drug-DUI,0,0,0,0,0,0,0,0,0,0,0,1,0,0,0,0,0,0,0,0,0,0,0,0,0,0,0,0,0,0,0,0,0,0,0,0,0
300354558,Tulsa,tulsa,,City Street,7,0.0,0.0,property_damage,0.0,0,0.0,0.0,0.0,SIDESWIPE-OPP,SIDESWIPE-OPP,36.20572119,-95.9845809,2018,2018-03-31,15.55,2,0,N,       ,Y,N,1,Clear,Dark / Lighted,1.0,17,0,No Roadway Departure,0,N,0.0,D,2.0,54.0,M,Y,1.0,Drinking - Ability Impaired,4.0,0,0,0,Changed Lanes Unsafely,Changed Lanes Unsafely,0,0,0,0,0,0,1,0,0,0,0,0,0,0,0,0,0,0,0,0,0,0,0,0,0,0,0,0,0,0,0,0,0,0,0,0,0
300354693,Wagoner,southern,SH-16,State Highway,0,76.0,0.0,incapacitating_injury,1.0,0,1.0,0.0,0.0,ROLLOVER,ROLLOVER,35.8536309,-95.3229147,2018,2018-03-21,7.26,1,0,N,       ,Y,N,1,Clear,Dark / Unlighted,1.0,20,0,Roadway Departure Right,1,N,0.0,D,20.0,37.0,M,Y,4.0,Odor of Alcohol Beverage,4.0,0,0,0,Alcohol-DUI/DWI,Alcohol-DUI/DWI,0,1,0,0,0,0,0,0,0,0,0,0,0,0,0,0,0,0,0,0,0,0,0,0,0,0,0,0,0,0,0,0,0,0,0,1,0