crash_id,county,region,highway_name,highway_class,intersection_rel,special_feature_1,special_feature_2,severity_level,visual_injured_num,fatal_num,suspected_serious_injured_num,non_incapacitated_injured_num,possibly_injured_num,crash_type,main_crash_type,latitude,longitude,year,date,time,number_of_vehicles,number_of_commercial_vehicles,work_zone,railroad_crossing,alcohol,drug,Alcohol or Drug,weather_condition,lighting_condition,road_condition,manner_of_collision,pedestrians_num,roadway_departure,cross_centerline,hit_and_run,emergency_vehicle_use,unit_type,vehicle_type,age,sex,driver_of_vehicle,injury_severity,person_condition,restraint_use,older_driver,teen_driver,Sleepy/Ill/Dizzy Driver,unsafe_unlaw_category,unsafe_unlaw_desc,Abnormal Traffic Control,Alcohol-DUI/DWI,Animal in Roadway,Apparently Sleepy,Avoiding Other Vehicle,Avoiding Pedestrian,Changed Lanes Unsafely,Deer in Roadway,Defect in Roadway,Disregarded Warning Signal,Domestic Animal in Roadway,Drug-DUI,Failed to Secure Load,Failed to Signal,Failed to Stop,Failed to Yield,Followed too Closely,Improper Backing,Improper Bicyclist Action,Improper Overtaking,Improper Parking,Improper Start From,Improper Turn,Improper Use of Lane,Distraction,Left of Center,No Improper Action by Driver,Object/Debris in Roadway,Other Improper Act/Movement,Pedestrian Action,Stopped in Traffic Lane,Speeding,Unsafe Vehicle,Wrong Way,Bad Weather,Bad Lighting,Bad Road Condition
300374875,Tulsa,tulsa,I-244,Interstate,1,20.0,0.0,possible_injury,0.0,0,0.0,0.0,1.0,REAR-END,REAR-END,36.1615137,-95.9889627,2018,2018-07-16,8.34,4,0,N,       ,N,Y,1,Clear,Daylight,1.0,2.0,0,No Roadway Departure,0,Y,0.0,D,4.0,31.0,M,Y,1.0,Illigal Drugs,1.0,0,0,0,Drug-DUI,Drug-DUI,0,0,0,0,0,0,0,0,0,0,0,1,0,0,0,0,0,0,0,0,0,0,0,0,0,0,0,0,0,0,0,0,0,0,0,0,0
300375478,Delaware,northern,US-59,US Route,0,76.0,0.0,incapacitating_injury,1.0,0,1.0,0.0,0.0,F-O BARR-CONCRETE,FIXED-OBJECT,36.5624235,-94.7745809,2018,2018-07-21,1.46,1,0,N,       ,Y,N,1,Rain,Dark / Lighted,2.0,19.0,0,Roadway Departure Left,1,N,0.0,D,4.0,24.0,M,Y,4.0,Drinking - Ability Impaired,4.0,0,0,0,Alcohol-DUI/DWI,Alcohol-DUI/DWI,0,1,0,0,0,0,0,0,0,0,0,0,0,0,0,0,0,0,0,0,0,0,0,0,0,0,0,0,0,0,0,0,0,0,1,0,0
300375586,Rogers,northern,,County Road,0,0.0,0.0,non_incapacitating_injury,1.0,0,0.0,1.0,0.0,F-O TRAFF-SIGN,FIXED-OBJECT,36.562,-95.6507,2018,2018-07-31,13.35,1,0,N,       ,Y,N,1,Clear,Daylight,1.0,20.0,0,Roadway Departure Right,0,N,0.0,D,4.0,49.0,M,Y,3.0,Drinking - Ability Impaired,1.0,0,0,0,Alcohol-DUI/DWI,Alcohol-DUI/DWI,0,1,0,0,0,0,0,0,0,0,0,0,0,0,0,0,0,0,0,0,0,0,0,0,0,0,0,0,0,0,0,0,0,0,0,0,0
300375600,Rogers,northern,,County Road,0,0.0,0.0,non_incapacitating_injury,1.0,0,0.0,1.0,0.0,F-O TREE,FIXED-OBJECT,36.4565,-95.7939,2018,2018-08-14,23.55,1,0,N,       ,Y,N,1,Cloudy,Dark / Unlighted,1.0,20.0,0,Roadway Departure Right,0,N,0.0,D,4.0,33.0,F,Y,3.0,Drinking - Ability Impaired,4.0,0,0,0,Alcohol-DUI/DWI,Alcohol-DUI/DWI,0,1,0,0,0,0,0,0,0,0,0,0,0,0,0,0,0,0,0,0,0,0,0,0,0,0,0,0,0,0,0,0,0,0,0,1,0
300375601,Rogers,northern,SH-66,State Highway,0,0.0,0.0,possible_injury,0.0,0,0.0,0.0,1.0,REAR-END,REAR-END,36.212701,-95.7228438,2018,2018-08-16,9.03,2,0,N,       ,N,Y,1,Cloudy,Daylight,1.0,2.0,0,No Roadway Departure,0,N,0.0,D,20.0,26.0,F,Y,1.0,Illigal Drugs,4.0,0,0,0,Drug-DUI,Drug-DUI,0,0,0,0,0,0,0,0,0,0,0,1,0,0,0,0,0,0,0,0,0,0,0,0,0,0,0,0,0,0,0,0,0,0,0,0,0
300375624,Tulsa,tulsa,I-44,Interstate,0,0.0,0.0,fatal,1.0,1,0.0,1.0,1.0,OTHER,OTHER,36.1624648,-95.8181996,2018,2018-06-23,3.12,2,0,N,       ,Y,Y,1,Cloudy,Dark / Lighted,1.0,19.0,0,Roadway Departure Left,0,Y,0.0,D,2.0,20.0,M,Y,3.0,Drinking - Ability Impaired,4.0,0,0,0,Drug-DUI,Drug-DUI,0,0,0,0,0,0,0,0,0,0,0,1,0,0,0,0,0,0,0,0,0,0,0,0,0,0,0,0,0,0,0,0,0,0,0,0,0
300376156,Rogers,northern,,County Road,0,0.0,0.0,non_incapacitating_injury,1.0,0,0.0,1.0,0.0,F-O FENCE,FIXED-OBJECT,36.4894,-95.7284,2018,2018-08-25,3.17,1,0,N,       ,Y,N,1,Clear,Dark / Unlighted,1.0,20.0,0,Roadway Departure Right,0,Y,0.0,D,4.0,29.0,M,Y,3.0,Drinking - Ability Impaired,99.0,0,0,0,Alcohol-DUI/DWI,Alcohol-DUI/DWI,0,1,0,0,0,0,0,0,0,0,0,0,0,0,0,0,0,0,0,0,0,0,0,0,0,0,0,0,0,0,0,0,0,0,0,1,0
300376449,Sequoyah,southern,I-40,Interstate,0,0.0,0.0,property_damage,0.0,0,0.0,0.0,0.0,F-O BARR-CABLE,FIXED-OBJECT,35.4336742,-94.4836635,2018,2018-08-28,22.0,1,0,N,       ,Y,N,1,Clear,Dark / Lighted,1.0,19.0,0,Roadway Departure Left,0,N,0.0,D,20.0,37.0,M,Y,1.0,Drinking - Ability Impaired,4.0,0,0,0,Alcohol-DUI/DWI,Alcohol-DUI/DWI,0,1,0,0,0,0,0,0,0,0,0,0,0,0,0,0,0,0,0,0,0,0,0,0,0,0,0,0,0,0,0,0,0,0,0,0,0
300376504,Tulsa,northern,US-75,US Route,0,71.0,0.0,property_damage,0.0,0,0.0,0.0,0.0,REAR-END,REAR-END,36.2351353,-95.9449967,2018,2018-08-16,22.52,2,0,N,       ,Y,N,1,Clear,Dark / Unlighted,1.0,2.0,0,Roadway Departure Right,0,N,0.0,D,2.0,18.0,M,Y,1.0,Apparently Normal,4.0,0,1,0,No Improper Action by Driver,No Improper Action by Driver,0,0,0,0,0,0,0,0,0,0,0,0,0,0,0,0,0,0,0,0,0,0,0,0,0,0,1,0,0,0,0,0,0,0,0,1,0
300376508,Tulsa,tulsa,I-244,Interstate,0,0.0,0.0,property_damage,0.0,0,0.0,0.0,0.0,F-O BARR-CABLE,FIXED-OBJECT,36.1657332,-95.8340046,2018,2018-08-26,1.12,1,0,N,       ,Y,N,1,Clear,Dark / Unlighted,1.0,19.0,0,Roadway Departure Left,0,N,0.0,D,20.0,32.0,M,Y,1.0,Drinking - Ability Impaired,4.0,0,0,0,Alcohol-DUI/DWI,Alcohol-DUI/DWI,0,1,0,0,0,0,0,0,0,0,0,0,0,0,0,0,0,0,0,0,0,0,0,0,0,0,0,0,0,0,0,0,0,0,0,1,0
300376681,Washington,northern,US-75,US Route,0,0.0,0.0,property_damage,0.0,0,0.0,0.0,0.0,SIDESWIPE-SAME,SIDESWIPE-SAME,36.6078297,-95.9353472,2018,2018-08-20,13.25,2,0,N,       ,Y,N,1,Cloudy,Daylight,1.0,16.0,0,No Roadway Departure,0,N,0.0,D,2.0,59.0,M,Y,1.0,Drinking - Ability Impaired,4.0,0,0,0,Alcohol-DUI/DWI,Alcohol-DUI/DWI,0,1,0,0,0,0,0,0,0,0,0,0,0,0,0,0,0,0,0,0,0,0,0,0,0,0,0,0,0,0,0,0,0,0,0,0,0
300376806,Tulsa,northern,SH-20,State Highway,0,0.0,0.0,possible_injury,0.0,0,0.0,0.0,1.0,F-O TRAFF-SIGN,FIXED-OBJECT,36.3656445,-95.9272104,2018,2018-08-18,3.35,1,0,N,       ,Y,N,1,Clear,Dark / Unlighted,1.0,20.0,0,Roadway Departure Right,0,N,0.0,D,1.0,61.0,M,Y,1.0,Drinking - Ability Impaired,4.0,0,0,0,Alcohol-DUI/DWI,Alcohol-DUI/DWI,0,1,0,0,0,0,0,0,0,0,0,0,0,0,0,0,0,0,0,0,0,0,0,0,0,0,0,0,0,0,0,0,0,0,0,1,0
300376807,Rogers,northern,I-44,Turnpike Interstate,0,30.0,0.0,property_damage,0.0,0,0.0,0.0,0.0,REAR-END,REAR-END,36.1708212,-95.7319623,2018,2018-08-16,1.1,2,1,N,       ,Y,N,1,Clear,Dark / Unlighted,1.0,3.0,0,No Roadway Departure,0,N,0.0,D,4.0,32.0,M,Y,1.0,Odor of Alcohol Beverage,4.0,0,0,0,Changed Lanes Unsafely,Changed Lanes Unsafely,0,0,0,0,0,0,1,0,0,0,0,0,0,0,0,0,0,0,0,0,0,0,0,0,0,0,0,0,0,0,0,0,0,0,0,1,0
300376811,Tulsa,tulsa,I-244,Interstate,0,0.0,0.0,non_incapacitating_injury,2.0,0,0.0,2.0,0.0,SIDESWIPE-SAME,SIDESWIPE-SAME,36.1617317,-95.990894,2018,2018-08-28,21.52,2,1,N,       ,Y,N,1,Clear,Dark / Lighted,1.0,16.0,0,Fixed Object,0,N,0.0,D,2.0,51.0,M,Y,3.0,Under the Influence of Medication,4.0,0,0,0,Alcohol-DUI/DWI,Alcohol-DUI/DWI,0,1,0,0,0,0,0,0,0,0,0,0,0,0,0,0,0,0,0,0,0,0,0,0,0,0,0,0,0,0,0,0,0,0,0,0,0
300376840,Ottawa,northern,US-59,US Route,0,0.0,0.0,possible_injury,0.0,0,0.0,0.0,1.0,REAR-END,REAR-END,36.7788545,-94.9272109,2018,2018-08-31,0.0,2,0,N,       ,Y,N,1,Clear,Daylight,1.0,3.0,0,Roadway Departure Right,0,N,0.0,D,4.0,64.0,M,Y,1.0,Drinking - Ability Impaired,4.0,0,0,0,Alcohol-DUI/DWI,Alcohol-DUI/DWI,0,1,0,0,0,0,0,0,0,0,0,0,0,0,0,0,0,0,0,0,0,0,0,0,0,0,0,0,0,0,0,0,0,0,0,0,0
300376938,Delaware,northern,SH-127,State Highway,0,0.0,0.0,property_damage,0.0,0,0.0,0.0,0.0,ROLLOVER,ROLLOVER,36.4649102,-94.8286186,2018,2018-09-01,3.52,1,0,N,       ,Y,N,1,Clear,Dark / Unlighted,1.0,19.0,0,Roadway Departure Left,0,N,0.0,D,19.0,25.0,M,Y,1.0,Drinking - Ability Impaired,99.0,0,0,0,Alcohol-DUI/DWI,Alcohol-DUI/DWI,0,1,0,0,0,0,0,0,0,0,0,0,0,0,0,0,0,0,0,0,0,0,0,0,0,0,0,0,0,0,0,0,0,0,0,1,0
300376954,Rogers,northern,SH-266,State Highway,0,0.0,0.0,property_damage,0.0,0,0.0,0.0,0.0,REAR-END,REAR-END,36.2323932,-95.7605362,2018,2018-08-15,12.05,2,0,N,       ,Y,N,1,Cloudy,Daylight,1.0,2.0,0,No Roadway Departure,0,N,0.0,D,21.0,46.0,M,Y,1.0,Drinking - Ability Impaired,4.0,0,0,0,Alcohol-DUI/DWI,Alcohol-DUI/DWI,0,1,0,0,0,0,0,0,0,0,0,0,0,0,0,0,0,0,0,0,0,0,0,0,0,0,0,0,0,0,0,0,0,0,0,0,0
300376960,Rogers,northern,,County Road,0,0.0,0.0,non_incapacitating_injury,1.0,0,0.0,1.0,0.0,F-O FENCE,FIXED-OBJECT,36.3111,-95.7516,2018,2018-08-24,1.29,1,0,N,       ,N,Y,1,Cloudy,Dark / Unlighted,1.0,20.0,0,Roadway Departure Right,0,N,0.0,D,2.0,41.0,M,Y,3.0,Under the Influence of Medication,4.0,0,0,0,Drug-DUI,Drug-DUI,0,0,0,0,0,0,0,0,0,0,0,1,0,0,0,0,0,0,0,0,0,0,0,0,0,0,0,0,0,0,0,0,0,0,0,1,0
300377054,Cherokee,southern,SH-51,State Highway,0,76.0,5.0,non_incapacitating_injury,1.0,0,0.0,1.0,0.0,HEAD-ON,HEAD-ON,35.9368958,-95.1750523,2018,2018-08-29,11.4,2,0,Y,       ,Y,N,1,Clear,Daylight,1.0,18.0,0,Roadway Departure Right,1,N,0.0,D,4.0,33.0,M,Y,1.0,Odor of Alcohol Beverage,4.0,0,0,0,Inattention,Other Distraction Inside Vehicle,0,0,0,0,0,0,0,0,0,0,0,0,0,0,0,0,0,0,0,0,0,0,0,0,1,0,0,0,0,0,0,0,0,0,0,0,0
300377064,Cherokee,southern,,County Road,0,0.0,0.0,possible_injury,0.0,0,0.0,0.0,1.0,F-O GUARDRL-FACE,FIXED-OBJECT,35.7018,-94.8855,2018,2018-08-04,20.37,1,0,N,       ,Y,N,1,Clear,Dusk,1.0,19.0,0,Roadway Departure Left,0,Y,0.0,D,20.0,40.0,M,Y,2.0,Drinking - Ability Impaired,1.0,0,0,0,Alcohol-DUI/DWI,Alcohol-DUI/DWI,0,1,0,0,0,0,0,0,0,0,0,0,0,0,0,0,0,0,0,0,0,0,0,0,0,0,0,0,0,0,0,0,0,0,0,1,0
300377103,Tulsa,tulsa,,City Street,8,99.0,80.0,property_damage,0.0,0,0.0,0.0,0.0,REAR-END,REAR-END,36.1769197,-95.99383993,2018,2018-09-04,14.06,2,0,N,       ,N,Y,1,Clear,Daylight,1.0,3.0,0,No Roadway Departure,0,N,0.0,D,20.0,30.0,F,Y,1.0,Illigal Drugs,4.0,0,0,0,Failed to Yield,Private Drive,0,0,0,0,0,0,0,0,0,0,0,0,0,0,0,1,0,0,0,0,0,0,0,0,0,0,0,0,0,0,0,0,0,0,0,0,0
300377442,Delaware,northern,,County Road,1,0.0,0.0,non_incapacitating_injury,1.0,0,0.0,1.0,0.0,RIGHT-ANGLE,RIGHT-ANGLE,36.5685,-94.7554,2018,2018-09-04,21.06,2,0,N,       ,Y,N,1,Clear,Dark / Unlighted,1.0,1.0,0,Roadway Departure Right,0,N,0.0,D,2.0,27.0,F,Y,1.0,Drinking - Ability Impaired,4.0,0,0,0,Alcohol-DUI/DWI,Alcohol-DUI/DWI,0,1,0,0,0,0,0,0,0,0,0,0,0,0,0,0,0,0,0,0,0,0,0,0,0,0,0,0,0,0,0,0,0,0,0,1,0
300377893,Rogers,northern,I-44,Turnpike Interstate,0,40.0,0.0,possible_injury,0.0,0,0.0,0.0,1.0,F-O BARR-CONCRETE,FIXED-OBJECT,36.2394688,-95.6649044,2018,2018-09-08,22.39,1,0,N,       ,Y,N,1,Cloudy,Dark / Unlighted,1.0,19.0,0,Roadway Departure Left,0,N,0.0,D,2.0,29.0,M,Y,2.0,Drinking - Ability Impaired,4.0,0,0,0,Alcohol-DUI/DWI,Alcohol-DUI/DWI,0,1,0,0,0,0,0,0,0,0,0,0,0,0,0,0,0,0,0,0,0,0,0,0,0,0,0,0,0,0,0,0,0,0,0,1,0
300378125,Adair,southern,SH-51,State Highway,0,0.0,0.0,property_damage,0.0,0,0.0,0.0,0.0,F-O GUARDRL-FACE,FIXED-OBJECT,35.8491851,-94.6782132,2018,2018-09-09,0.04,1,0,N,       ,Y,N,1,Cloudy,Dark / Unlighted,1.0,19.0,0,Roadway Departure Left,0,N,0.0,D,20.0,24.0,M,Y,1.0,Drinking - Ability Impaired,4.0,0,0,0,Alcohol-DUI/DWI,Alcohol-DUI/DWI,0,1,0,0,0,0,0,0,0,0,0,0,0,0,0,0,0,0,0,0,0,0,0,0,0,0,0,0,0,0,0,0,0,0,0,1,0
300378130,Adair,southern,,County Road,1,0.0,0.0,fatal,1.0,1,1.0,0.0,1.0,RIGHT-ANGLE,RIGHT-ANGLE,36.0168,-94.6016,2018,2018-05-15,19.34,2,0,N,       ,N,Y,1,Clear,Daylight,1.0,1.0,0,Roadway Departure Right,0,N,0.0,D,2.0,26.0,M,Y,4.0,Illigal Drugs,1.0,0,0,0,Failed to Stop,For Stop Sign,0,0,0,0,0,0,0,0,0,0,0,0,0,0,1,0,0,0,0,0,0,0,0,0,0,0,0,0,0,0,0,0,0,0,0,0,0
300378156,Mayes,northern,,County Road,0,0.0,0.0,non_incapacitating_injury,1.0,0,0.0,1.0,0.0,F-O GROUND,FIXED-OBJECT,36.4467,-95.3694,2018,2018-09-11,1.0,1,0,N,       ,N,Y,1,Cloudy,Dark / Unlighted,1.0,20.0,0,Roadway Departure Right,0,N,0.0,D,4.0,19.0,M,Y,1.0,Illigal Drugs,4.0,0,1,0,Drug-DUI,Drug-DUI,0,0,0,0,0,0,0,0,0,0,0,1,0,0,0,0,0,0,0,0,0,0,0,0,0,0,0,0,0,0,0,0,0,0,0,1,0
300378457,Tulsa,tulsa,,City Street,5,0.0,0.0,non_incapacitating_injury,1.0,0,0.0,1.0,0.0,OTHER,OTHER,36.16652051,-95.9330849,2018,2018-09-15,3.26,3,0,N,       ,Y,N,1,Clear,Dark / Unlighted,1.0,36.0,0,No Roadway Departure,0,Y,0.0,D,2.0,28.0,M,Y,3.0,Drinking - Ability Impaired,4.0,0,0,0,Unsafe Speed,Other,0,0,0,0,0,0,0,0,0,0,0,0,0,0,0,0,0,0,0,0,0,0,0,0,0,0,0,0,0,0,0,1,0,0,0,1,0
300378672,Craig,northern,US-60,US Route,0,0.0,0.0,incapacitating_injury,1.0,0,1.0,0.0,0.0,F-O FENCE,FIXED-OBJECT,36.6462222,-95.2776618,2018,2018-09-15,7.07,1,0,N,       ,N,Y,1,Clear,Daylight,1.0,20.0,0,Roadway Departure Right,0,N,0.0,D,20.0,58.0,M,Y,4.0,Under the Influence of Medication,4.0,0,0,0,Drug-DUI,Drug-DUI,0,0,0,0,0,0,0,0,0,0,0,1,0,0,0,0,0,0,0,0,0,0,0,0,0,0,0,0,0,0,0,0,0,0,0,0,0
300378691,Sequoyah,southern,,County Road,0,80.0,99.0,property_damage,0.0,0,0.0,0.0,0.0,F-O FENCE,FIXED-OBJECT,35.4343,-94.836,2018,2018-09-15,20.27,1,0,N,       ,Y,N,1,Clear,Dark / Unlighted,1.0,19.0,0,Roadway Departure Left,0,N,0.0,D,4.0,40.0,M,Y,1.0,Drinking - Ability Impaired,1.0,0,0,0,Alcohol-DUI/DWI,Alcohol-DUI/DWI,0,1,0,0,0,0,0,0,0,0,0,0,0,0,0,0,0,0,0,0,0,0,0,0,0,0,0,0,0,0,0,0,0,0,0,1,0
300379069,Adair,southern,,County Road,0,0.0,0.0,incapacitating_injury,4.0,0,2.0,2.0,0.0,HEAD-ON,HEAD-ON,35.7578,-94.5865,2018,2018-09-15,22.14,2,0,N,       ,Y,N,1,Clear,Dark / Unlighted,1.0,18.0,0,Roadway Departure Right,0,N,0.0,D,4.0,42.0,M,Y,3.0,Drinking - Ability Impaired,1.0,0,0,0,Alcohol-DUI/DWI,Alcohol-DUI/DWI,0,1,0,0,0,0,0,0,0,0,0,0,0,0,0,0,0,0,0,0,0,0,0,0,0,0,0,0,0,0,0,0,0,0,0,1,0
300379432,Craig,northern,SH-2,State Highway,0,0.0,0.0,property_damage,0.0,0,0.0,0.0,0.0,F-O DELINEATOR,FIXED-OBJECT,36.821578,-95.1429313,2018,2018-09-19,0.05,1,0,N,       ,Y,N,1,Clear,Dark / Unlighted,1.0,20.0,0,Roadway Departure Right,0,Y,0.0,D,2.0,30.0,M,Y,1.0,Drinking - Ability Impaired,4.0,0,0,0,Alcohol-DUI/DWI,Alcohol-DUI/DWI,0,1,0,0,0,0,0,0,0,0,0,0,0,0,0,0,0,0,0,0,0,0,0,0,0,0,0,0,0,0,0,0,0,0,0,1,0
300379433,Rogers,northern,I-44,Turnpike Interstate,0,0.0,0.0,fatal,1.0,1,0.0,1.0,0.0,SIDESWIPE-OPP,SIDESWIPE-OPP,36.34240102,-95.4890192,2018,2018-08-03,23.52,3,1,N,       ,Y,N,1,Cloudy,Dark / Unlighted,1.0,17.0,0,No Roadway Departure,0,N,0.0,D,20.0,26.0,M,Y,3.0,Drinking - Ability Impaired,4.0,0,0,0,Alcohol-DUI/DWI,Alcohol-DUI/DWI,0,1,0,0,0,0,0,0,0,0,0,0,0,0,0,0,0,0,0,0,0,0,0,0,0,0,0,0,0,0,0,0,0,0,0,1,0
300379624,Adair,southern,,County Road,0,0.0,0.0,possible_injury,0.0,0,0.0,0.0,1.0,F-O TREE,FIXED-OBJECT,35.8263,-94.7447,2018,2018-09-15,23.43,1,0,N,       ,Y,N,1,Clear,Dark / Unlighted,1.0,19.0,0,Roadway Departure Left,0,N,0.0,D,2.0,46.0,F,Y,2.0,Odor of Alcohol Beverage,99.0,0,0,0,Unsafe Speed,For Type of Roadway (Pavement Surface),0,0,0,0,0,0,0,0,0,0,0,0,0,0,0,0,0,0,0,0,0,0,0,0,0,0,0,0,0,0,0,1,0,0,0,1,0
300379664,Mayes,northern,SH-20,State Highway,0,1.0,0.0,property_damage,0.0,0,0.0,0.0,0.0,REAR-END,REAR-END,36.30705711,-95.39320701,2018,2018-09-20,18.46,2,0,N,       ,Y,N,1,Clear,Daylight,1.0,5.0,0,Roadway Departure Right,0,Y,0.0,D,4.0,51.0,M,Y,1.0,Drinking - Ability Impaired,3.0,0,0,0,Alcohol-DUI/DWI,Alcohol-DUI/DWI,0,1,0,0,0,0,0,0,0,0,0,0,0,0,0,0,0,0,0,0,0,0,0,0,0,0,0,0,0,0,0,0,0,0,0,0,0
300379873,Nowata,northern,US169A,US Route,0,0.0,0.0,property_damage,0.0,0,0.0,0.0,0.0,F-O DITCH,FIXED-OBJECT,36.70080246,-95.63808247,2018,2018-09-22,9.43,1,0,N,       ,N,Y,1,Clear,Daylight,1.0,19.0,0,Roadway Departure Left,1,N,0.0,D,4.0,67.0,M,Y,1.0,Illigal Drugs,4.0,1,0,0,Drug-DUI,Drug-DUI,0,0,0,0,0,0,0,0,0,0,0,1,0,0,0,0,0,0,0,0,0,0,0,0,0,0,0,0,0,0,0,0,0,0,0,0,0
300380034,Adair,southern,,County Road,0,99.0,80.0,property_damage,0.0,0,0.0,0.0,0.0,F-O UTIL-POLE,FIXED-OBJECT,35.9611,-94.5479,2018,2018-09-23,17.35,1,0,N,       ,Y,N,1,Clear,Daylight,1.0,20.0,0,Roadway Departure Right,0,N,0.0,D,4.0,18.0,M,Y,1.0,Drinking - Ability Impaired,4.0,0,1,0,Alcohol-DUI/DWI,Alcohol-DUI/DWI,0,1,0,0,0,0,0,0,0,0,0,0,0,0,0,0,0,0,0,0,0,0,0,0,0,0,0,0,0,0,0,0,0,0,0,0,0
300380082,Cherokee,southern,SH-82,State Highway,1,0.0,0.0,property_damage,0.0,0,0.0,0.0,0.0,RIGHT-ANGLE,RIGHT-ANGLE,35.97319511,-94.96675851,2018,2018-09-16,19.24,2,0,N,       ,Y,N,1,Clear,Daylight,1.0,1.0,0,No Roadway Departure,0,N,0.0,D,4.0,22.0,M,Y,1.0,Drinking - Ability Impaired,4.0,0,0,0,Alcohol-DUI/DWI,Alcohol-DUI/DWI,0,1,0,0,0,0,0,0,0,0,0,0,0,0,0,0,0,0,0,0,0,0,0,0,0,0,0,0,0,0,0,0,0,0,0,0,0
300380575,Sequoyah,southern,,County Road,1,0.0,0.0,incapacitating_injury,1.0,0,1.0,0.0,1.0,ROLLOVER,ROLLOVER,35.3619,-94.8112,2018,2018-09-20,17.34,1,0,N,       ,Y,N,1,Clear,Daylight,1.0,20.0,0,Roadway Departure Right,0,N,0.0,D,4.0,54.0,M,Y,2.0,Odor of Alcohol Beverage,99.0,0,0,0,Alcohol-DUI/DWI,Alcohol-DUI/DWI,0,1,0,0,0,0,0,0,0,0,0,0,0,0,0,0,0,0,0,0,0,0,0,0,0,0,0,0,0,0,0,0,0,0,0,0,0
300380722,Tulsa,tulsa,,City Street,1,0.0,0.0,possible_injury,0.0,0,0.0,0.0,1.0,REAR-END,REAR-END,36.1769373,-95.9755261,2018,2018-09-28,23.5,2,0,N,       ,Y,N,1,Clear,Dark / Lighted,1.0,2.0,0,No Roadway Departure,0,Y,0.0,D,2.0,42.0,F,Y,1.0,Drinking - Ability Impaired,99.0,0,0,0,Alcohol-DUI/DWI,Alcohol-DUI/DWI,0,1,0,0,0,0,0,0,0,0,0,0,0,0,0,0,0,0,0,0,0,0,0,0,0,0,0,0,0,0,0,0,0,0,0,0,0
300380746,Mayes,northern,,County Road,0,80.0,99.0,property_damage,0.0,0,0.0,0.0,0.0,F-O CULVERT,FIXED-OBJECT,36.3908,-95.0771,2018,2018-09-08,1.13,1,0,N,       ,Y,N,1,Rain,Dark / Unlighted,2.0,20.0,0,Roadway Departure Right,0,N,0.0,D,4.0,63.0,M,Y,1.0,Drinking - Ability Impaired,1.0,0,0,0,Alcohol-DUI/DWI,Alcohol-DUI/DWI,0,1,0,0,0,0,0,0,0,0,0,0,0,0,0,0,0,0,0,0,0,0,0,0,0,0,0,0,0,0,0,0,0,0,1,1,0
300380754,Tulsa,tulsa,SH-11,State Highway,0,0.0,0.0,property_damage,0.0,0,0.0,0.0,0.0,OTHER,OTHER,36.214232,-95.9756035,2018,2018-09-28,22.1,1,0,N,       ,Y,N,1,Clear,Dark / Lighted,1.0,20.0,0,Roadway Departure Right,0,N,0.0,D,2.0,52.0,M,Y,1.0,Drinking - Ability Impaired,4.0,0,0,0,Improper Use of Lane,Improper Use of Lane,0,0,0,0,0,0,0,0,0,0,0,0,0,0,0,0,0,0,0,0,0,0,0,1,0,0,0,0,0,0,0,0,0,0,0,0,0
300380930,Rogers,northern,,County Road,1,0.0,0.0,possible_injury,0.0,0,0.0,0.0,1.0,REAR-END,REAR-END,36.4232,-95.579,2018,2018-09-06,13.4,2,0,N,       ,N,Y,1,Rain,Daylight,1.0,2.0,0,No Roadway Departure,0,Y,0.0,D,2.0,25.0,M,Y,1.0,Illigal Drugs,1.0,0,0,0,Drug-DUI,Drug-DUI,0,0,0,0,0,0,0,0,0,0,0,1,0,0,0,0,0,0,0,0,0,0,0,0,0,0,0,0,0,0,0,0,0,0,1,0,0
300381001,Mayes,northern,SH-69A,State Highway,1,0.0,0.0,non_incapacitating_injury,1.0,0,0.0,1.0,0.0,F-O DITCH,FIXED-OBJECT,36.2486812,-95.315042,2018,2018-09-26,23.07,1,0,N,       ,Y,N,1,Clear,Dark / Unlighted,1.0,20.0,0,Roadway Departure Right,0,N,0.0,D,2.0,28.0,F,Y,3.0,Drinking - Ability Impaired,4.0,0,0,0,Alcohol-DUI/DWI,Alcohol-DUI/DWI,0,1,0,0,0,0,0,0,0,0,0,0,0,0,0,0,0,0,0,0,0,0,0,0,0,0,0,0,0,0,0,0,0,0,0,1,0
300381018,Rogers,northern,,County Road,0,99.0,80.0,property_damage,0.0,0,0.0,0.0,0.0,F-O OTHER,FIXED-OBJECT,36.3363,-95.5161,2018,2018-09-22,22.36,1,0,N,       ,Y,N,1,Clear,Dark / Unlighted,1.0,20.0,0,Roadway Departure Right,0,Y,0.0,D,4.0,28.0,M,Y,1.0,Odor of Alcohol Beverage,4.0,0,0,0,Unsafe Speed,On Curve/Turn,0,0,0,0,0,0,0,0,0,0,0,0,0,0,0,0,0,0,0,0,0,0,0,0,0,0,0,0,0,0,0,1,0,0,0,1,0
300381390,Tulsa,tulsa,,City Street,1,0.0,0.0,possible_injury,0.0,0,0.0,0.0,1.0,PEDESTRIAN,PEDESTRIAN,36.161732,-95.9492446,2018,2018-10-03,14.5,1,0,N,       ,Y,N,1,Clear,Daylight,1.0,23.0,1,No Roadway Departure,0,N,2.0,D,20.0,32.0,M,Y,1.0,Apparently Normal,4.0,0,0,0,Failed to Yield,To Pedestrian,0,0,0,0,0,0,0,0,0,0,0,0,0,0,0,1,0,0,0,0,0,0,0,0,0,0,0,0,0,0,0,0,0,0,0,0,0