crash_id,county,region,highway_name,highway_class,intersection_rel,special_feature_1,special_feature_2,severity_level,visual_injured_num,fatal_num,suspected_serious_injured_num,non_incapacitated_injured_num,possibly_injured_num,crash_type,main_crash_type,latitude,longitude,year,date,time,number_of_vehicles,number_of_commercial_vehicles,work_zone,railroad_crossing,alcohol,drug,Alcohol or Drug,weather_condition,lighting_condition,road_condition,manner_of_collision,pedestrians_num,roadway_departure,cross_centerline,hit_and_run,emergency_vehicle_use,unit_type,vehicle_type,age,sex,driver_of_vehicle,injury_severity,person_condition,restraint_use,older_driver,teen_driver,Sleepy/Ill/Dizzy Driver,unsafe_unlaw_category,unsafe_unlaw_desc,Abnormal Traffic Control,Alcohol-DUI/DWI,Animal in Roadway,Apparently Sleepy,Avoiding Other Vehicle,Avoiding Pedestrian,Changed Lanes Unsafely,Deer in Roadway,Defect in Roadway,Disregarded Warning Signal,Domestic Animal in Roadway,Drug-DUI,Failed to Secure Load,Failed to Signal,Failed to Stop,Failed to Yield,Followed too Closely,Improper Backing,Improper Bicyclist Action,Improper Overtaking,Improper Parking,Improper Start From,Improper Turn,Improper Use of Lane,Distraction,Left of Center,No Improper Action by Driver,Object/Debris in Roadway,Other Improper Act/Movement,Pedestrian Action,Stopped in Traffic Lane,Speeding,Unsafe Vehicle,Wrong Way,Bad Weather,Bad Lighting,Bad Road Condition
300412026,Cherokee,southern,SH-82,State Highway,0,0.0,0.0,property_damage,0.0,0,0.0,0.0,0.0,F-O TREE,FIXED-OBJECT,35.7128128,-94.9205968,2019,2019-04-27,19.19,1,0,N,       ,Y,N,1,Clear,Daylight,1.0,20.0,0,Roadway Departure Right,0,N,0.0,D,4.0,25.0,M,Y,1.0,Drinking - Ability Impaired,1.0,0,0,0,Alcohol-DUI/DWI,Alcohol-DUI/DWI,0,1,0,0,0,0,0,0,0,0,0,0,0,0,0,0,0,0,0,0,0,0,0,0,0,0,0,0,0,0,0,0,0,0,0,0,0
300412031,Cherokee,southern,US-62,US Route,0,76.0,0.0,possible_injury,0.0,0,0.0,0.0,2.0,HEAD-ON,HEAD-ON,35.9293187,-94.8699099,2019,2019-04-15,17.04,2,0,N,       ,Y,N,1,Clear,Daylight,1.0,18.0,0,No Roadway Departure,1,N,0.0,D,4.0,32.0,M,Y,2.0,Odor of Alcohol Beverage,1.0,0,0,0,Inattention,Other Distraction Inside Vehicle,0,0,0,0,0,0,0,0,0,0,0,0,0,0,0,0,0,0,0,0,0,0,0,0,1,0,0,0,0,0,0,0,0,0,0,0,0
300412038,Adair,southern,SH-51,State Highway,0,0.0,0.0,property_damage,0.0,0,0.0,0.0,0.0,OTHER,OTHER,35.826657,-94.6107663,2019,2019-04-16,22.02,1,0,N,       ,Y,N,1,Clear,Dark / Unlighted,1.0,19.0,0,Roadway Departure Left,1,N,0.0,D,2.0,22.0,M,Y,1.0,Odor of Alcohol Beverage,4.0,0,0,0,Alcohol-DUI/DWI,Alcohol-DUI/DWI,0,1,0,0,0,0,0,0,0,0,0,0,0,0,0,0,0,0,0,0,0,0,0,0,0,0,0,0,0,0,0,0,0,0,0,1,0
300412052,Cherokee,southern,US-62,US Route,1,0.0,0.0,property_damage,0.0,0,0.0,0.0,0.0,ANGLE-TURNING,ANGLE-TURNING,35.9284178,-94.8389039,2019,2019-04-23,18.21,2,0,N,       ,N,Y,1,Cloudy,Daylight,1.0,12.0,0,No Roadway Departure,0,Y,0.0,D,4.0,61.0,M,Y,1.0,Illigal Drugs,4.0,0,0,0,Improper Turn,In Front of Oncoming Traffic,0,0,0,0,0,0,0,0,0,0,0,0,0,0,0,0,0,0,0,0,0,0,1,0,0,0,0,0,0,0,0,0,0,0,0,0,0
300412054,Cherokee,southern,SH-100,State Highway,1,0.0,0.0,possible_injury,0.0,0,0.0,0.0,4.0,ANGLE-TURNING,ANGLE-TURNING,35.7639422,-94.8838024,2019,2019-04-25,19.44,3,0,N,       ,Y,N,1,Clear,Daylight,1.0,6.0,0,Roadway Departure Right,0,N,0.0,D,21.0,29.0,F,Y,2.0,Drinking - Ability Impaired,1.0,0,0,0,Alcohol-DUI/DWI,Alcohol-DUI/DWI,0,1,0,0,0,0,0,0,0,0,0,0,0,0,0,0,0,0,0,0,0,0,0,0,0,0,0,0,0,0,0,0,0,0,0,0,0
300412255,Rogers,northern,I-44,Interstate,0,32.0,0.0,possible_injury,0.0,0,0.0,0.0,1.0,F-O TRAFF-SIGN,FIXED-OBJECT,36.1627603,-95.7499069,2019,2019-05-02,2.42,1,0,N,       ,Y,N,1,Clear,Dark / Unlighted,1.0,19.0,0,Roadway Departure Right,0,N,0.0,D,2.0,23.0,F,Y,2.0,Drinking - Ability Impaired,1.0,0,0,0,Alcohol-DUI/DWI,Alcohol-DUI/DWI,0,1,0,0,0,0,0,0,0,0,0,0,0,0,0,0,0,0,0,0,0,0,0,0,0,0,0,0,0,0,0,0,0,0,0,1,0
300412290,Sequoyah,southern,,County Road,0,99.0,80.0,property_damage,0.0,0,0.0,0.0,0.0,F-O EMBANKMENT,FIXED-OBJECT,35.4199,-94.5606,2019,2019-05-02,22.4,1,0,N,       ,Y,N,1,Cloudy,Dark / Unlighted,1.0,19.0,0,Roadway Departure Left,0,N,0.0,D,4.0,20.0,M,Y,1.0,Drinking - Ability Impaired,99.0,0,0,0,Alcohol-DUI/DWI,Alcohol-DUI/DWI,0,1,0,0,0,0,0,0,0,0,0,0,0,0,0,0,0,0,0,0,0,0,0,0,0,0,0,0,0,0,0,0,0,0,0,1,0
300412616,Tulsa,tulsa,,City Street,7,99.0,80.0,property_damage,0.0,0,0.0,0.0,0.0,REAR-END,REAR-END,36.18393319,-95.9733409,2019,2019-05-04,14.5,2,0,N,       ,Y,Y,1,Clear,Daylight,1.0,3.0,0,No Roadway Departure,0,N,0.0,D,2.0,57.0,M,Y,1.0,Drinking - Ability Impaired,3.0,0,0,0,Drug-DUI,Drug-DUI,0,0,0,0,0,0,0,0,0,0,0,1,0,0,0,0,0,0,0,0,0,0,0,0,0,0,0,0,0,0,0,0,0,0,0,0,0
300412877,Mayes,northern,US-412,Turnpike,0,0.0,0.0,possible_injury,0.0,0,0.0,0.0,1.0,F-O POLE-OTHER,FIXED-OBJECT,36.1877006,-95.1604126,2019,2019-04-24,9.49,1,0,N,       ,N,Y,1,Cloudy,Daylight,1.0,20.0,0,Roadway Departure Right,0,N,0.0,D,1.0,26.0,M,Y,2.0,Illigal Drugs,4.0,0,0,0,Drug-DUI,Drug-DUI,0,0,0,0,0,0,0,0,0,0,0,1,0,0,0,0,0,0,0,0,0,0,0,0,0,0,0,0,0,0,0,0,0,0,0,0,0
300412979,Sequoyah,southern,US-59,US Route,0,0.0,0.0,possible_injury,0.0,0,0.0,0.0,1.0,F-O GUARDRL-FACE,FIXED-OBJECT,35.4089623,-94.8063259,2019,2019-05-03,10.07,1,1,N,       ,Y,N,1,Clear,Daylight,1.0,19.0,0,Roadway Departure Left,0,N,0.0,D,20.0,80.0,M,Y,2.0,Odor of Alcohol Beverage,1.0,1,0,0,Alcohol-DUI/DWI,Alcohol-DUI/DWI,0,1,0,0,0,0,0,0,0,0,0,0,0,0,0,0,0,0,0,0,0,0,0,0,0,0,0,0,0,0,0,0,0,0,0,0,0
300413027,Tulsa,tulsa,,City Street,5,76.0,0.0,possible_injury,0.0,0,0.0,0.0,1.0,SIDESWIPE-OPP,SIDESWIPE-OPP,36.18233671,-95.9046017,2019,2019-05-09,2.4,2,0,N,       ,Y,N,1,Clear,Dark / Lighted,1.0,17.0,0,No Roadway Departure,1,Y,0.0,D,2.0,35.0,M,Y,1.0,Drinking - Ability Impaired,4.0,0,0,0,Alcohol-DUI/DWI,Alcohol-DUI/DWI,0,1,0,0,0,0,0,0,0,0,0,0,0,0,0,0,0,0,0,0,0,0,0,0,0,0,0,0,0,0,0,0,0,0,0,0,0
300413242,Nowata,northern,US-60,US Route,0,0.0,0.0,property_damage,0.0,0,0.0,0.0,0.0,ROLLOVER,ROLLOVER,36.7137796,-95.752727,2019,2019-05-06,20.11,1,0,N,       ,N,Y,1,Cloudy,Dark / Unlighted,1.0,19.0,0,Roadway Departure Left,0,N,0.0,D,20.0,31.0,F,Y,1.0,Illigal Drugs,4.0,0,0,0,Drug-DUI,Drug-DUI,0,0,0,0,0,0,0,0,0,0,0,1,0,0,0,0,0,0,0,0,0,0,0,0,0,0,0,0,0,0,0,0,0,0,0,1,0
300413286,Tulsa,tulsa,SH-11,State Highway,1,0.0,0.0,property_damage,0.0,0,0.0,0.0,0.0,REAR-END,REAR-END,36.2233683,-95.97564,2019,2019-05-10,1.35,2,0,N,       ,Y,N,1,Clear,Dark / Lighted,1.0,4.0,0,No Roadway Departure,0,N,0.0,D,20.0,19.0,F,Y,1.0,Drinking - Ability Impaired,4.0,0,1,0,Alcohol-DUI/DWI,Alcohol-DUI/DWI,0,1,0,0,0,0,0,0,0,0,0,0,0,0,0,0,0,0,0,0,0,0,0,0,0,0,0,0,0,0,0,0,0,0,0,0,0
300413423,Cherokee,southern,,County Road,0,99.0,80.0,property_damage,0.0,0,0.0,0.0,0.0,F-O CULVERT,FIXED-OBJECT,35.8603,-95.0029,2019,2019-05-02,5.55,1,0,N,       ,Y,N,1,Cloudy,Dark / Unlighted,1.0,20.0,0,Roadway Departure Right,0,N,0.0,D,23.0,54.0,M,Y,1.0,Drinking - Ability Impaired,4.0,0,0,0,Alcohol-DUI/DWI,Alcohol-DUI/DWI,0,1,0,0,0,0,0,0,0,0,0,0,0,0,0,0,0,0,0,0,0,0,0,0,0,0,0,0,0,0,0,0,0,0,0,1,0
300413424,Delaware,northern,SH-10,State Highway,0,0.0,0.0,possible_injury,0.0,0,0.0,0.0,1.0,REAR-END,REAR-END,36.6063257,-94.7114149,2019,2019-05-09,14.27,2,0,N,       ,Y,N,1,Cloudy,Daylight,1.0,2.0,0,No Roadway Departure,0,N,0.0,D,4.0,54.0,M,Y,1.0,Drinking - Ability Impaired,4.0,0,0,0,Alcohol-DUI/DWI,Alcohol-DUI/DWI,0,1,0,0,0,0,0,0,0,0,0,0,0,0,0,0,0,0,0,0,0,0,0,0,0,0,0,0,0,0,0,0,0,0,0,0,0
300413481,Tulsa,tulsa,,City Street,1,0.0,0.0,possible_injury,0.0,0,0.0,0.0,1.0,REAR-END,REAR-END,36.20023891,-95.97557344,2019,2019-05-11,23.0,2,0,N,       ,Y,N,1,Clear,Dark / Lighted,1.0,4.0,0,No Roadway Departure,0,Y,0.0,D,2.0,52.0,M,Y,1.0,Odor of Alcohol Beverage,99.0,0,0,0,Followed too Closely,Human Element,0,0,0,0,0,0,0,0,0,0,0,0,0,0,0,0,1,0,0,0,0,0,0,0,0,0,0,0,0,0,0,0,0,0,0,0,0
300413531,Rogers,northern,,County Road,0,80.0,99.0,property_damage,0.0,0,0.0,0.0,0.0,F-O DITCH,FIXED-OBJECT,36.3649,-95.4892,2019,2019-04-23,23.24,1,0,N,       ,Y,N,1,Cloudy,Dark / Unlighted,2.0,19.0,0,Roadway Departure Left,0,N,0.0,D,1.0,37.0,M,Y,1.0,Odor of Alcohol Beverage,4.0,0,0,0,Unsafe Speed,Rain or Wet Roadway,0,0,0,0,0,0,0,0,0,0,0,0,0,0,0,0,0,0,0,0,0,0,0,0,0,0,0,0,0,0,0,1,0,0,0,1,0
300413543,Rogers,northern,US-412,US Route,0,0.0,0.0,non_incapacitating_injury,1.0,0,0.0,1.0,0.0,F-O GUARDRL-FACE,FIXED-OBJECT,36.1688753,-95.5186547,2019,2019-04-14,21.27,2,0,N,       ,Y,N,1,Clear,Dark / Unlighted,1.0,19.0,0,Roadway Departure Right,0,N,0.0,D,4.0,27.0,M,Y,3.0,Drinking - Ability Impaired,4.0,0,0,0,Alcohol-DUI/DWI,Alcohol-DUI/DWI,0,1,0,0,0,0,0,0,0,0,0,0,0,0,0,0,0,0,0,0,0,0,0,0,0,0,0,0,0,0,0,0,0,0,0,1,0
300413587,Mayes,northern,,County Road,0,0.0,0.0,possible_injury,0.0,0,0.0,0.0,1.0,F-O FENCE,FIXED-OBJECT,36.276,-95.4107,2019,2019-05-12,15.17,1,0,N,       ,N,Y,1,Cloudy,Daylight,1.0,20.0,0,Roadway Departure Right,0,N,0.0,D,15.0,34.0,M,Y,2.0,Under the Influence of Medication,1.0,0,0,0,Drug-DUI,Drug-DUI,0,0,0,0,0,0,0,0,0,0,0,1,0,0,0,0,0,0,0,0,0,0,0,0,0,0,0,0,0,0,0,0,0,0,0,0,0
300413589,Ottawa,northern,US-59,US Route,0,10.0,76.0,non_incapacitating_injury,1.0,0,0.0,1.0,0.0,F-O BR-ABUTMENT,FIXED-OBJECT,36.6849422,-94.8785969,2019,2019-05-11,18.48,1,0,N,       ,Y,N,1,Cloudy,Daylight,1.0,19.0,0,Roadway Departure Left,1,N,0.0,D,2.0,39.0,M,Y,3.0,Drinking - Ability Impaired,4.0,0,0,0,Alcohol-DUI/DWI,Alcohol-DUI/DWI,0,1,0,0,0,0,0,0,0,0,0,0,0,0,0,0,0,0,0,0,0,0,0,0,0,0,0,0,0,0,0,0,0,0,0,0,0
300413889,Sequoyah,southern,,County Road,0,80.0,99.0,property_damage,0.0,0,0.0,0.0,0.0,F-O DITCH,FIXED-OBJECT,35.5216,-94.9594,2019,2019-05-09,1.38,1,0,N,       ,N,Y,1,Clear,Dark / Unlighted,1.0,19.0,0,Roadway Departure Left,0,N,0.0,D,20.0,24.0,M,Y,1.0,Illigal Drugs,99.0,0,0,0,Drug-DUI,Drug-DUI,0,0,0,0,0,0,0,0,0,0,0,1,0,0,0,0,0,0,0,0,0,0,0,0,0,0,0,0,0,0,0,0,0,0,0,1,0
300414361,Mayes,northern,,County Road,0,0.0,0.0,non_incapacitating_injury,1.0,0,0.0,1.0,0.0,ROLLOVER,ROLLOVER,36.4818,-95.3438,2019,2019-05-15,21.04,1,0,N,       ,Y,N,1,Clear,Dark / Unlighted,1.0,20.0,0,Roadway Departure Right,0,N,0.0,D,4.0,27.0,M,Y,3.0,Odor of Alcohol Beverage,1.0,0,0,0,Unsafe Speed,Exceeding Legal Limit,0,0,0,0,0,0,0,0,0,0,0,0,0,0,0,0,0,0,0,0,0,0,0,0,0,0,0,0,0,0,0,1,0,0,0,1,0
300414422,Mayes,northern,,County Road,0,0.0,0.0,non_incapacitating_injury,2.0,0,0.0,2.0,0.0,F-O TREE,FIXED-OBJECT,36.4566,-95.3638,2019,2019-05-16,15.49,1,0,N,       ,N,Y,1,Clear,Daylight,1.0,19.0,0,Roadway Departure Left,1,N,0.0,D,4.0,30.0,F,Y,3.0,Under the Influence of Medication,4.0,0,0,0,Drug-DUI,Drug-DUI,0,0,0,0,0,0,0,0,0,0,0,1,0,0,0,0,0,0,0,0,0,0,0,0,0,0,0,0,0,0,0,0,0,0,0,0,0
300414535,Tulsa,tulsa,,City Street,7,99.0,80.0,property_damage,0.0,0,0.0,0.0,0.0,REAR-END,REAR-END,36.16394709,-95.9911806,2019,2019-05-19,1.56,2,0,N,       ,Y,N,1,Clear,Dark / Lighted,2.0,3.0,0,No Roadway Departure,0,N,0.0,D,2.0,21.0,M,Y,1.0,Drinking - Ability Impaired,4.0,0,0,0,Unsafe Speed,For Traffic Conditions,0,0,0,0,0,0,0,0,0,0,0,0,0,0,0,0,0,0,0,0,0,0,0,0,0,0,0,0,0,0,0,1,0,0,0,0,0
300414602,Sequoyah,southern,SH-10A,State Highway,0,0.0,0.0,property_damage,0.0,0,0.0,0.0,0.0,F-O OTHER,FIXED-OBJECT,35.6203716,-95.0773258,2019,2019-05-17,19.05,1,0,N,       ,Y,N,1,Clear,Daylight,1.0,20.0,0,Roadway Departure Right,0,N,0.0,D,1.0,64.0,M,Y,1.0,Drinking - Ability Impaired,1.0,0,0,0,Alcohol-DUI/DWI,Alcohol-DUI/DWI,0,1,0,0,0,0,0,0,0,0,0,0,0,0,0,0,0,0,0,0,0,0,0,0,0,0,0,0,0,0,0,0,0,0,0,0,0
300414664,Washington,northern,US-75,US Route,0,0.0,0.0,property_damage,0.0,0,0.0,0.0,0.0,F-O TRAFF-SIGN,FIXED-OBJECT,36.4874051,-95.9204217,2019,2019-05-19,5.03,1,0,N,       ,Y,N,1,Clear,Dark / Unlighted,1.0,19.0,0,Roadway Departure Left,0,N,0.0,D,4.0,37.0,M,Y,1.0,Odor of Alcohol Beverage,4.0,0,0,0,Unsafe Speed,Other,0,0,0,0,0,0,0,0,0,0,0,0,0,0,0,0,0,0,0,0,0,0,0,0,0,0,0,0,0,0,0,1,0,0,0,1,0
300414829,Rogers,northern,US-412,US Route,0,0.0,0.0,property_damage,0.0,0,0.0,0.0,0.0,F-O DITCH,FIXED-OBJECT,36.1624466,-95.7220308,2019,2019-05-19,3.42,1,0,N,       ,N,Y,1,Cloudy,Dark / Unlighted,1.0,20.0,0,Roadway Departure Right,0,N,0.0,D,2.0,45.0,M,Y,1.0,Illigal Drugs,4.0,0,0,0,Drug-DUI,Drug-DUI,0,0,0,0,0,0,0,0,0,0,0,1,0,0,0,0,0,0,0,0,0,0,0,0,0,0,0,0,0,0,0,0,0,0,0,1,0
300415190,Tulsa,tulsa,,City Street,5,99.0,80.0,property_damage,0.0,0,0.0,0.0,0.0,HEAD-ON,HEAD-ON,36.17741531,-95.9582451,2019,2019-05-23,23.0,2,0,N,       ,Y,N,1,Clear,Dark / Lighted,1.0,18.0,0,No Roadway Departure,0,N,0.0,D,21.0,71.0,M,Y,1.0,Drinking - Ability Impaired,4.0,1,0,0,Failed to Yield,From Signal Light,0,0,0,0,0,0,0,0,0,0,0,0,0,0,0,1,0,0,0,0,0,0,0,0,0,0,0,0,0,0,0,0,0,0,0,0,0
300415336,Tulsa,tulsa,I-244,Interstate,0,0.0,0.0,fatal,0.0,2,0.0,0.0,0.0,HEAD-ON,HEAD-ON,36.16178,-95.8853183,2018,2018-11-19,2.23,2,0,N,       ,Y,N,1,Clear,Dark / Lighted,1.0,18.0,0,No Roadway Departure,0,N,0.0,D,1.0,38.0,M,Y,5.0,Drinking - Ability Impaired,4.0,0,0,0,Alcohol-DUI/DWI,Alcohol-DUI/DWI,0,1,0,0,0,0,0,0,0,0,0,0,0,0,0,0,0,0,0,0,0,0,0,0,0,0,0,0,0,0,0,0,0,0,0,0,0
300415589,Muskogee,southern,SH-10,State Highway,0,0.0,0.0,incapacitating_injury,1.0,0,1.0,0.0,1.0,HEAD-ON,HEAD-ON,35.7455887,-95.1975766,2019,2019-05-15,15.05,2,0,N,       ,N,Y,1,Clear,Daylight,1.0,18.0,0,Roadway Departure Left,1,N,0.0,D,4.0,23.0,M,Y,4.0,Illigal Drugs,1.0,0,0,0,Drug-DUI,Drug-DUI,0,0,0,0,0,0,0,0,0,0,0,1,0,0,0,0,0,0,0,0,0,0,0,0,0,0,0,0,0,0,0,0,0,0,0,0,0
300415607,Cherokee,southern,SH-10,State Highway,0,0.0,0.0,possible_injury,0.0,0,0.0,0.0,1.0,F-O BARR-CABLE,FIXED-OBJECT,35.9697618,-94.9174377,2019,2019-05-25,22.02,1,0,N,       ,Y,N,1,Cloudy,Dark / Unlighted,1.0,20.0,0,Roadway Departure Right,0,N,0.0,D,4.0,69.0,M,Y,2.0,Drinking - Ability Impaired,1.0,1,0,0,Alcohol-DUI/DWI,Alcohol-DUI/DWI,0,1,0,0,0,0,0,0,0,0,0,0,0,0,0,0,0,0,0,0,0,0,0,0,0,0,0,0,0,0,0,0,0,0,0,1,0
300415920,Mayes,northern,,County Road,0,0.0,0.0,property_damage,0.0,0,0.0,0.0,0.0,F-O TREE,FIXED-OBJECT,36.2997,-95.1138,2019,2019-05-26,21.49,1,0,N,       ,Y,N,1,Clear,Dark / Unlighted,1.0,20.0,0,Roadway Departure Right,0,N,0.0,D,4.0,27.0,M,Y,1.0,Drinking - Ability Impaired,4.0,0,0,0,Alcohol-DUI/DWI,Alcohol-DUI/DWI,0,1,0,0,0,0,0,0,0,0,0,0,0,0,0,0,0,0,0,0,0,0,0,0,0,0,0,0,0,0,0,0,0,0,0,1,0
300415935,Cherokee,southern,SH-10,State Highway,0,0.0,0.0,non_incapacitating_injury,1.0,0,0.0,1.0,1.0,REAR-END,REAR-END,35.9822325,-94.9244404,2019,2019-05-15,18.17,2,0,N,       ,Y,N,1,Clear,Daylight,1.0,3.0,0,Roadway Departure Right,0,N,0.0,D,4.0,58.0,M,Y,2.0,Odor of Alcohol Beverage,1.0,0,0,0,Left of Center,Marked Zone,0,0,0,0,0,0,0,0,0,0,0,0,0,0,0,0,0,0,0,0,0,0,0,0,0,1,0,0,0,0,0,0,0,0,0,0,0
300415970,Tulsa,tulsa,I-244,Interstate,0,30.0,0.0,property_damage,0.0,0,0.0,0.0,0.0,F-O GUARDRL-FACE,FIXED-OBJECT,36.1650433,-95.8587308,2019,2019-05-16,0.08,1,0,N,       ,Y,N,1,Clear,Dark / Lighted,1.0,20.0,0,Roadway Departure Right,0,N,0.0,D,1.0,26.0,F,Y,1.0,Drinking - Ability Impaired,4.0,0,0,0,Alcohol-DUI/DWI,Alcohol-DUI/DWI,0,1,0,0,0,0,0,0,0,0,0,0,0,0,0,0,0,0,0,0,0,0,0,0,0,0,0,0,0,0,0,0,0,0,0,0,0
300416044,Ottawa,northern,,County Road,0,0.0,0.0,non_incapacitating_injury,1.0,0,0.0,1.0,0.0,ROLLOVER,ROLLOVER,36.859,-94.8964,2019,2019-04-27,22.24,1,0,N,       ,Y,N,1,Clear,Dark / Unlighted,1.0,37.0,0,Fixed Object,0,N,0.0,D,15.0,41.0,M,Y,3.0,Drinking - Ability Impaired,99.0,0,0,0,Alcohol-DUI/DWI,Alcohol-DUI/DWI,0,1,0,0,0,0,0,0,0,0,0,0,0,0,0,0,0,0,0,0,0,0,0,0,0,0,0,0,0,0,0,0,0,0,0,1,0
300416197,Craig,northern,,County Road,0,99.0,80.0,property_damage,0.0,0,0.0,0.0,0.0,F-O DITCH,FIXED-OBJECT,36.576,-95.1309,2019,2019-05-27,19.46,1,0,N,       ,Y,N,1,Clear,Daylight,1.0,19.0,0,Roadway Departure Right,0,N,0.0,D,2.0,28.0,M,Y,1.0,Drinking - Ability Impaired,4.0,0,0,0,Alcohol-DUI/DWI,Alcohol-DUI/DWI,0,1,0,0,0,0,0,0,0,0,0,0,0,0,0,0,0,0,0,0,0,0,0,0,0,0,0,0,0,0,0,0,0,0,0,0,0
300416490,Sequoyah,southern,SH-141,State Highway,0,0.0,0.0,possible_injury,0.0,0,0.0,0.0,1.0,PEDESTRIAN,PEDESTRIAN,35.3972065,-94.6730354,2019,2019-06-01,21.45,1,0,N,       ,N,Y,1,Clear,Dark / Unlighted,1.0,21.0,1,Roadway Departure Right,0,N,0.0,D,4.0,18.0,M,Y,2.0,Apparently Normal,4.0,0,1,0,No Improper Action by Driver,No Improper Action by Driver,0,0,0,0,0,0,0,0,0,0,0,0,0,0,0,0,0,0,0,0,0,0,0,0,0,0,1,0,0,0,0,0,0,0,0,1,0
300416491,Muskogee,southern,SH-10,State Highway,0,0.0,0.0,non_incapacitating_injury,2.0,0,0.0,2.0,0.0,ROLLOVER,ROLLOVER,35.5906945,-95.1363198,2019,2019-06-01,13.21,1,0,N,       ,Y,N,1,Cloudy,Daylight,1.0,20.0,0,Roadway Departure Right,0,N,0.0,D,20.0,29.0,F,Y,3.0,Drinking - Ability Impaired,4.0,0,0,0,Alcohol-DUI/DWI,Alcohol-DUI/DWI,0,1,0,0,0,0,0,0,0,0,0,0,0,0,0,0,0,0,0,0,0,0,0,0,0,0,0,0,0,0,0,0,0,0,0,0,0
300416495,Wagoner,southern,,County Road,0,0.0,0.0,non_incapacitating_injury,1.0,0,0.0,1.0,0.0,SIDESWIPE-OPP,SIDESWIPE-OPP,35.8857,-95.3213,2019,2019-05-31,16.17,2,0,N,       ,N,Y,1,Clear,Daylight,1.0,17.0,0,Roadway Departure Right,1,N,0.0,D,2.0,54.0,F,Y,1.0,Under the Influence of Medication,4.0,0,0,0,Drug-DUI,Drug-DUI,0,0,0,0,0,0,0,0,0,0,0,1,0,0,0,0,0,0,0,0,0,0,0,0,0,0,0,0,0,0,0,0,0,0,0,0,0
300416546,Delaware,northern,,County Road,0,99.0,80.0,property_damage,0.0,0,0.0,0.0,0.0,OTHER,OTHER,36.6582,-94.8905,2019,2019-05-28,14.48,3,0,N,       ,Y,N,1,Clear,Daylight,1.0,36.0,0,Roadway Departure Left,0,N,0.0,D,4.0,74.0,M,Y,1.0,Drinking - Ability Impaired,4.0,1,0,0,Alcohol-DUI/DWI,Alcohol-DUI/DWI,0,1,0,0,0,0,0,0,0,0,0,0,0,0,0,0,0,0,0,0,0,0,0,0,0,0,0,0,0,0,0,0,0,0,0,0,0
300416550,Tulsa,tulsa,,City Street,1,0.0,0.0,possible_injury,0.0,0,0.0,0.0,1.0,REAR-END,REAR-END,36.177053,-95.8687439,2019,2019-06-03,5.05,2,0,N,       ,Y,N,1,Clear,Dawn,1.0,2.0,0,No Roadway Departure,0,N,0.0,D,20.0,35.0,M,Y,1.0,Drinking - Ability Impaired,4.0,0,0,0,Alcohol-DUI/DWI,Alcohol-DUI/DWI,0,1,0,0,0,0,0,0,0,0,0,0,0,0,0,0,0,0,0,0,0,0,0,0,0,0,0,0,0,0,0,0,0,0,0,1,0
300416942,Rogers,northern,,County Road,0,99.0,80.0,property_damage,0.0,0,0.0,0.0,0.0,F-O FENCE,FIXED-OBJECT,36.2869,-95.7088,2019,2019-05-14,13.59,1,0,N,       ,Y,N,1,Cloudy,Daylight,1.0,20.0,0,Roadway Departure Right,0,Y,0.0,D,20.0,47.0,F,Y,1.0,Drinking - Ability Impaired,4.0,0,0,0,Alcohol-DUI/DWI,Alcohol-DUI/DWI,0,1,0,0,0,0,0,0,0,0,0,0,0,0,0,0,0,0,0,0,0,0,0,0,0,0,0,0,0,0,0,0,0,0,0,0,0
300417111,Delaware,northern,,County Road,0,99.0,80.0,property_damage,0.0,0,0.0,0.0,0.0,SIDESWIPE-OPP,SIDESWIPE-OPP,36.4527,-94.6925,2019,2019-06-03,21.29,2,0,N,       ,Y,N,1,Cloudy,Dark / Unlighted,1.0,17.0,0,Roadway Departure Right,0,N,0.0,D,4.0,28.0,M,Y,1.0,Drinking - Ability Impaired,4.0,0,0,0,Alcohol-DUI/DWI,Alcohol-DUI/DWI,0,1,0,0,0,0,0,0,0,0,0,0,0,0,0,0,0,0,0,0,0,0,0,0,0,0,0,0,0,0,0,0,0,0,0,1,0
300417274,McIntosh,southern,,County Road,0,0.0,0.0,non_incapacitating_injury,1.0,0,0.0,1.0,0.0,F-O TREE,FIXED-OBJECT,35.3356,-95.5042,2019,2019-06-08,1.58,1,0,N,       ,Y,N,1,Clear,Dark / Unlighted,1.0,19.0,0,Roadway Departure Left,0,N,0.0,D,20.0,36.0,F,Y,3.0,Drinking - Ability Impaired,1.0,0,0,0,Alcohol-DUI/DWI,Alcohol-DUI/DWI,0,1,0,0,0,0,0,0,0,0,0,0,0,0,0,0,0,0,0,0,0,0,0,0,0,0,0,0,0,0,0,0,0,0,0,1,0
300417321,Tulsa,tulsa,,City Street,5,0.0,0.0,non_incapacitating_injury,1.0,0,0.0,1.0,0.0,OTHER,OTHER,36.16386091,-95.9994147,2019,2019-06-08,2.35,2,0,N,       ,Y,N,1,Clear,Dark / Unlighted,1.0,35.0,0,No Roadway Departure,0,N,0.0,D,4.0,26.0,M,Y,3.0,Drinking - Ability Impaired,1.0,0,0,0,Alcohol-DUI/DWI,Alcohol-DUI/DWI,0,1,0,0,0,0,0,0,0,0,0,0,0,0,0,0,0,0,0,0,0,0,0,0,0,0,0,0,0,0,0,0,0,0,0,1,0