crash_id,county,region,highway_name,highway_class,intersection_rel,special_feature_1,special_feature_2,severity_level,visual_injured_num,fatal_num,suspected_serious_injured_num,non_incapacitated_injured_num,possibly_injured_num,crash_type,main_crash_type,latitude,longitude,year,date,time,number_of_vehicles,number_of_commercial_vehicles,work_zone,railroad_crossing,alcohol,drug,Alcohol or Drug,weather_condition,lighting_condition,road_condition,manner_of_collision,pedestrians_num,roadway_departure,cross_centerline,hit_and_run,emergency_vehicle_use,unit_type,vehicle_type,age,sex,driver_of_vehicle,injury_severity,person_condition,restraint_use,older_driver,teen_driver,Sleepy/Ill/Dizzy Driver,unsafe_unlaw_category,unsafe_unlaw_desc,Abnormal Traffic Control,Alcohol-DUI/DWI,Animal in Roadway,Apparently Sleepy,Avoiding Other Vehicle,Avoiding Pedestrian,Changed Lanes Unsafely,Deer in Roadway,Defect in Roadway,Disregarded Warning Signal,Domestic Animal in Roadway,Drug-DUI,Failed to Secure Load,Failed to Signal,Failed to Stop,Failed to Yield,Followed too Closely,Improper Backing,Improper Bicyclist Action,Improper Overtaking,Improper Parking,Improper Start From,Improper Turn,Improper Use of Lane,Distraction,Left of Center,No Improper Action by Driver,Object/Debris in Roadway,Other Improper Act/Movement,Pedestrian Action,Stopped in Traffic Lane,Speeding,Unsafe Vehicle,Wrong Way,Bad Weather,Bad Lighting,Bad Road Condition
300470918,Delaware,northern,SH-85,State Highway,0,0.0,0.0,property_damage,0.0,0,0.0,0.0,0.0,F-O FENCE,FIXED-OBJECT,36.60588162,-94.9633909,2020,2020-07-11,1.14,1,0,N,       ,Y,N,1,Clear,Dark / Unlighted,1.0,20.0,0,Roadway Departure Right,0,N,0.0,D,4.0,43.0,M,Y,1.0,Drinking - Ability Impaired,4.0,0,0,0,Alcohol-DUI/DWI,Alcohol-DUI/DWI,0,1,0,0,0,0,0,0,0,0,0,0,0,0,0,0,0,0,0,0,0,0,0,0,0,0,0,0,0,0,0,0,0,0,0,1,0
300471283,Mayes,northern,,County Road,0,0.0,0.0,fatal,0.0,1,0.0,0.0,0.0,F-O TREE,FIXED-OBJECT,36.1908,-95.0635,2020,2020-03-16,19.37,1,0,N,       ,Y,N,1,Rain,Dusk,2.0,20.0,0,Roadway Departure Right,0,N,0.0,D,20.0,23.0,M,Y,5.0,Drinking - Ability Impaired,1.0,0,0,0,Alcohol-DUI/DWI,Alcohol-DUI/DWI,0,1,0,0,0,0,0,0,0,0,0,0,0,0,0,0,0,0,0,0,0,0,0,0,0,0,0,0,0,0,0,0,0,0,1,1,0
300471297,Cherokee,southern,SH-51,State Highway,1,0.0,0.0,property_damage,0.0,0,0.0,0.0,0.0,REAR-END,REAR-END,35.93696083,-95.20719116,2020,2020-07-18,20.15,2,0,N,       ,Y,N,1,Clear,Daylight,1.0,2.0,0,No Roadway Departure,0,N,0.0,D,1.0,20.0,F,Y,1.0,Drinking - Ability Impaired,4.0,0,0,0,Alcohol-DUI/DWI,Alcohol-DUI/DWI,0,1,0,0,0,0,0,0,0,0,0,0,0,0,0,0,0,0,0,0,0,0,0,0,0,0,0,0,0,0,0,0,0,0,0,0,0
300471302,Tulsa,tulsa,,City Street,1,0.0,0.0,possible_injury,0.0,0,0.0,0.0,1.0,ROLLOVER,ROLLOVER,36.1705879,-95.9117629,2020,2020-05-22,0.53,1,0,N,       ,N,Y,1,Clear,Dark / Lighted,1.0,37.0,0,No Roadway Departure,0,N,0.0,D,15.0,31.0,M,Y,2.0,Illigal Drugs,1.0,0,0,0,Drug-DUI,Drug-DUI,0,0,0,0,0,0,0,0,0,0,0,1,0,0,0,0,0,0,0,0,0,0,0,0,0,0,0,0,0,0,0,0,0,0,0,0,0
300471424,McIntosh,southern,,County Road,0,80.0,99.0,property_damage,0.0,0,0.0,0.0,0.0,F-O TREE,FIXED-OBJECT,35.3539,-95.3714,2020,2020-07-18,22.38,1,0,N,       ,Y,N,1,Clear,Dark / Unlighted,1.0,20.0,0,Roadway Departure Right,0,N,0.0,D,2.0,56.0,F,Y,1.0,Odor of Alcohol Beverage,4.0,0,0,0,Unsafe Speed,On Curve/Turn,0,0,0,0,0,0,0,0,0,0,0,0,0,0,0,0,0,0,0,0,0,0,0,0,0,0,0,0,0,0,0,1,0,0,0,1,0
300471522,Tulsa,northern,US-75,US Route,0,0.0,0.0,property_damage,0.0,0,0.0,0.0,0.0,F-O BARR-CABLE,FIXED-OBJECT,36.23633813,-95.94493667,2020,2020-07-15,2.32,1,0,N,       ,N,Y,1,Cloudy,Dark / Unlighted,1.0,19.0,0,Roadway Departure Right,0,N,0.0,D,2.0,20.0,F,Y,1.0,Illigal Drugs,4.0,0,0,0,Drug-DUI,Drug-DUI,0,0,0,0,0,0,0,0,0,0,0,1,0,0,0,0,0,0,0,0,0,0,0,0,0,0,0,0,0,0,0,0,0,0,0,1,0
300471597,Cherokee,southern,SH-80,State Highway,0,0.0,0.0,non_incapacitating_injury,1.0,0,0.0,1.0,0.0,SIDESWIPE-OPP,SIDESWIPE-OPP,35.90334072,-95.22570115,2020,2020-07-21,18.03,2,1,N,       ,Y,N,1,Clear,Daylight,1.0,17.0,0,No Roadway Departure,0,N,0.0,D,4.0,43.0,M,Y,3.0,Odor of Alcohol Beverage,4.0,0,0,0,Left of Center,In Meeting,0,0,0,0,0,0,0,0,0,0,0,0,0,0,0,0,0,0,0,0,0,0,0,0,0,1,0,0,0,0,0,0,0,0,0,0,0
300471681,Muskogee,southern,I-40,Interstate,0,0.0,0.0,possible_injury,0.0,0,0.0,0.0,1.0,F-O BARR-CABLE,FIXED-OBJECT,35.48175522,-95.11700342,2020,2020-07-21,20.29,1,0,N,       ,Y,N,1,Cloudy,Dark / Unlighted,2.0,19.0,0,Roadway Departure Left,0,N,0.0,D,2.0,25.0,F,Y,2.0,Drinking - Ability Impaired,4.0,0,0,0,Unsafe Speed,Rain or Wet Roadway,0,0,0,0,0,0,0,0,0,0,0,0,0,0,0,0,0,0,0,0,0,0,0,0,0,0,0,0,0,0,0,1,0,0,0,1,0
300471848,Tulsa,tulsa,,City Street,8,76.0,0.0,possible_injury,0.0,0,0.0,0.0,3.0,SIDESWIPE-OPP,SIDESWIPE-OPP,36.2206428,-95.95858533,2020,2020-07-22,16.13,2,0,N,       ,Y,N,1,Clear,Daylight,1.0,17.0,0,Roadway Departure Left,1,N,0.0,D,2.0,47.0,M,Y,2.0,Drinking - Ability Impaired,4.0,0,0,0,Left of Center,Marked Zone,0,0,0,0,0,0,0,0,0,0,0,0,0,0,0,0,0,0,0,0,0,0,0,0,0,1,0,0,0,0,0,0,0,0,0,0,0
300471946,Cherokee,southern,SH-82,State Highway,0,0.0,0.0,possible_injury,0.0,0,0.0,0.0,1.0,F-O GUARDRL-FACE,FIXED-OBJECT,35.71551802,-94.91708874,2020,2020-07-11,20.38,1,0,N,       ,Y,N,1,Clear,Dark / Unlighted,1.0,19.0,0,Roadway Departure Left,1,N,0.0,D,4.0,61.0,M,Y,2.0,Drinking - Ability Impaired,4.0,0,0,0,Alcohol-DUI/DWI,Alcohol-DUI/DWI,0,1,0,0,0,0,0,0,0,0,0,0,0,0,0,0,0,0,0,0,0,0,0,0,0,0,0,0,0,0,0,0,0,0,0,1,0
300472001,Washington,northern,,County Road,1,0.0,0.0,non_incapacitating_injury,1.0,0,0.0,1.0,0.0,F-O TRAFF-SIGN,FIXED-OBJECT,36.6699,-95.9539,2020,2020-07-23,19.16,1,0,N,       ,Y,N,1,Cloudy,Daylight,1.0,19.0,0,Roadway Departure Right,0,N,0.0,D,4.0,30.0,M,Y,3.0,Drinking - Ability Impaired,4.0,0,0,0,Alcohol-DUI/DWI,Alcohol-DUI/DWI,0,1,0,0,0,0,0,0,0,0,0,0,0,0,0,0,0,0,0,0,0,0,0,0,0,0,0,0,0,0,0,0,0,0,0,0,0
300472005,Delaware,northern,,County Road,0,0.0,0.0,incapacitating_injury,1.0,0,1.0,0.0,0.0,HEAD-ON,HEAD-ON,36.5539,-94.7706,2020,2020-07-22,20.56,2,0,N,       ,Y,N,1,Cloudy,Dark / Unlighted,1.0,18.0,0,No Roadway Departure,0,N,0.0,D,2.0,31.0,F,Y,4.0,Drinking - Ability Impaired,4.0,0,0,0,Alcohol-DUI/DWI,Alcohol-DUI/DWI,0,1,0,0,0,0,0,0,0,0,0,0,0,0,0,0,0,0,0,0,0,0,0,0,0,0,0,0,0,0,0,0,0,0,0,1,0
300472320,Delaware,northern,SH-127,State Highway,1,0.0,0.0,non_incapacitating_injury,2.0,0,0.0,2.0,0.0,F-O TREE,FIXED-OBJECT,36.49591144,-94.80374937,2020,2020-07-08,15.08,1,0,N,       ,Y,N,1,Clear,Daylight,1.0,20.0,0,Roadway Departure Right,0,N,0.0,D,20.0,25.0,M,Y,3.0,Drinking - Ability Impaired,4.0,0,0,0,Alcohol-DUI/DWI,Alcohol-DUI/DWI,0,1,0,0,0,0,0,0,0,0,0,0,0,0,0,0,0,0,0,0,0,0,0,0,0,0,0,0,0,0,0,0,0,0,0,0,0
300472523,Delaware,northern,SH-85,State Highway,1,0.0,0.0,property_damage,0.0,0,0.0,0.0,0.0,REAR-END,REAR-END,36.57197053,-94.97136131,2020,2020-07-27,15.18,2,1,N,       ,Y,N,1,Rain,Daylight,2.0,2.0,0,No Roadway Departure,0,N,0.0,D,4.0,49.0,M,Y,1.0,Odor of Alcohol Beverage,4.0,0,0,0,Inattention,Other Distraction Inside Vehicle,0,0,0,0,0,0,0,0,0,0,0,0,0,0,0,0,0,0,0,0,0,0,0,0,1,0,0,0,0,0,0,0,0,0,1,0,0
300472591,Wagoner,southern,,County Road,0,0.0,0.0,non_incapacitating_injury,1.0,0,0.0,1.0,0.0,F-O DITCH,FIXED-OBJECT,35.8674,-95.2858,2020,2020-07-26,8.24,1,0,N,       ,Y,N,1,Clear,Daylight,1.0,19.0,0,Roadway Departure Left,1,N,0.0,D,20.0,26.0,F,Y,0.0,Drinking - Ability Impaired,1.0,0,0,0,Alcohol-DUI/DWI,Alcohol-DUI/DWI,0,1,0,0,0,0,0,0,0,0,0,0,0,0,0,0,0,0,0,0,0,0,0,0,0,0,0,0,0,0,0,0,0,0,0,0,0
300472740,Tulsa,tulsa,,City Street,6,76.0,0.0,non_incapacitating_injury,2.0,0,0.0,2.0,0.0,HEAD-ON,HEAD-ON,36.2204789,-95.98075277,2020,2020-07-29,21.0,2,0,N,       ,Y,N,1,Cloudy,Dark / Unlighted,2.0,18.0,0,No Roadway Departure,1,N,0.0,D,20.0,48.0,M,Y,3.0,Drinking - Ability Impaired,4.0,0,0,0,Alcohol-DUI/DWI,Alcohol-DUI/DWI,0,1,0,0,0,0,0,0,0,0,0,0,0,0,0,0,0,0,0,0,0,0,0,0,0,0,0,0,0,0,0,0,0,0,0,1,0
300472759,Sequoyah,southern,,County Road,0,99.0,80.0,property_damage,0.0,0,0.0,0.0,0.0,F-O POLE-OTHER,FIXED-OBJECT,35.6193,-94.9111,2020,2020-07-29,23.16,1,0,N,       ,Y,N,1,Cloudy,Dark / Unlighted,2.0,19.0,0,Roadway Departure Left,0,N,0.0,D,2.0,21.0,M,Y,1.0,Odor of Alcohol Beverage,4.0,0,0,0,Unsafe Speed,On Curve/Turn,0,0,0,0,0,0,0,0,0,0,0,0,0,0,0,0,0,0,0,0,0,0,0,0,0,0,0,0,0,0,0,1,0,0,0,1,0
300472815,Sequoyah,southern,I-40,Interstate,0,0.0,0.0,property_damage,0.0,0,0.0,0.0,0.0,F-O TREE,FIXED-OBJECT,35.45450929,-94.8992312,2020,2020-07-29,23.34,1,0,N,       ,Y,N,1,Cloudy,Dark / Unlighted,1.0,20.0,0,Roadway Departure Right,0,N,0.0,D,1.0,27.0,M,Y,1.0,Drinking - Ability Impaired,4.0,0,0,0,Alcohol-DUI/DWI,Alcohol-DUI/DWI,0,1,0,0,0,0,0,0,0,0,0,0,0,0,0,0,0,0,0,0,0,0,0,0,0,0,0,0,0,0,0,0,0,0,0,1,0
300472899,Tulsa,tulsa,,City Street,8,0.0,0.0,possible_injury,0.0,0,0.0,0.0,1.0,OTHER,OTHER,36.1617087,-95.94069033,2020,2020-07-28,21.39,2,0,N,       ,Y,N,1,Rain,Dark / Lighted,2.0,35.0,0,No Roadway Departure,0,Y,0.0,D,20.0,30.0,M,Y,2.0,Drinking - Ability Impaired,99.0,0,0,0,Alcohol-DUI/DWI,Alcohol-DUI/DWI,0,1,0,0,0,0,0,0,0,0,0,0,0,0,0,0,0,0,0,0,0,0,0,0,0,0,0,0,0,0,0,0,0,0,1,0,0
300472909,Delaware,northern,SH-10,State Highway,1,0.0,0.0,incapacitating_injury,1.0,0,1.0,0.0,1.0,F-O FENCE,FIXED-OBJECT,36.18714989,-94.77974606,2020,2020-07-18,16.55,1,0,N,       ,N,Y,1,Clear,Daylight,1.0,20.0,0,Roadway Departure Right,0,N,0.0,D,1.0,18.0,M,Y,2.0,Illigal Drugs,4.0,0,1,0,Drug-DUI,Drug-DUI,0,0,0,0,0,0,0,0,0,0,0,1,0,0,0,0,0,0,0,0,0,0,0,0,0,0,0,0,0,0,0,0,0,0,0,0,0
300473062,Adair,southern,US-59,US Route,1,0.0,0.0,incapacitating_injury,1.0,0,1.0,0.0,0.0,F-O DITCH,FIXED-OBJECT,35.78831524,-94.62597671,2020,2020-07-29,3.07,1,0,N,       ,Y,N,1,Clear,Dark / Unlighted,1.0,20.0,0,Roadway Departure Right,0,N,0.0,D,4.0,27.0,M,Y,4.0,Drinking - Ability Impaired,1.0,0,0,0,Alcohol-DUI/DWI,Alcohol-DUI/DWI,0,1,0,0,0,0,0,0,0,0,0,0,0,0,0,0,0,0,0,0,0,0,0,0,0,0,0,0,0,0,0,0,0,0,0,1,0
300473184,Sequoyah,southern,,County Road,0,99.0,80.0,property_damage,0.0,0,0.0,0.0,0.0,F-O MAILBOX,FIXED-OBJECT,35.6105,-94.9763,2020,2020-08-01,22.49,1,0,N,       ,Y,N,1,Clear,Dark / Unlighted,1.0,20,0,Roadway Departure Right,0,Y,0.0,D,4.0,0.0,9,Y,1.0,Unknown,99.0,0,0,0,Alcohol-DUI/DWI,Alcohol-DUI/DWI,0,1,0,0,0,0,0,0,0,0,0,0,0,0,0,0,0,0,0,0,0,0,0,0,0,0,0,0,0,0,0,0,0,0,0,1,0
300473248,Tulsa,tulsa,,City Street,7,80.0,99.0,property_damage,0.0,0,0.0,0.0,0.0,F-O UTIL-POLE,FIXED-OBJECT,36.2130469,-95.95823027,2020,2020-08-01,7.06,1,0,N,       ,Y,N,1,Clear,Daylight,1.0,19,0,Fixed Object,0,N,0.0,D,2.0,18.0,M,Y,1.0,Drinking - Ability Impaired,4.0,0,1,0,Alcohol-DUI/DWI,Alcohol-DUI/DWI,0,1,0,0,0,0,0,0,0,0,0,0,0,0,0,0,0,0,0,0,0,0,0,0,0,0,0,0,0,0,0,0,0,0,0,0,0
300473249,Delaware,northern,SH-25,State Highway,0,0.0,0.0,property_damage,0.0,0,0.0,0.0,0.0,SIDESWIPE-OPP,SIDESWIPE-OPP,36.59789292,-94.68172376,2020,2020-08-01,21.29,2,0,N,       ,N,Y,1,Clear,Dark / Unlighted,1.0,17,0,No Roadway Departure,0,Y,0.0,D,2.0,19.0,F,Y,1.0,Under the Influence of Medication,4.0,0,1,0,Drug-DUI,Drug-DUI,0,0,0,0,0,0,0,0,0,0,0,1,0,0,0,0,0,0,0,0,0,0,0,0,0,0,0,0,0,0,0,0,0,0,0,1,0
300473403,Tulsa,tulsa,US-169,US Route,0,0.0,0.0,incapacitating_injury,2.0,0,1.0,1.0,1.0,REAR-END,REAR-END,36.20075635,-95.85157597,2020,2020-08-01,9.47,2,0,N,       ,N,Y,1,Clear,Daylight,1.0,3,0,Fixed Object,0,N,0.0,D,2.0,32.0,M,Y,4.0,Illigal Drugs,4.0,0,0,0,Unsafe Speed,For Traffic Conditions,0,0,0,0,0,0,0,0,0,0,0,0,0,0,0,0,0,0,0,0,0,0,0,0,0,0,0,0,0,0,0,1,0,0,0,0,0
300473404,Tulsa,tulsa,I-244,Interstate,0,0.0,0.0,non_incapacitating_injury,2.0,0,0.0,2.0,0.0,SIDESWIPE-SAME,SIDESWIPE-SAME,36.16277423,-95.89986915,2020,2020-07-24,11.56,2,0,N,       ,Y,N,1,Clear,Daylight,1.0,16,0,Fixed Object,0,N,0.0,D,20.0,21.0,M,Y,1.0,Drinking - Ability Impaired,4.0,0,0,0,Alcohol-DUI/DWI,Alcohol-DUI/DWI,0,1,0,0,0,0,0,0,0,0,0,0,0,0,0,0,0,0,0,0,0,0,0,0,0,0,0,0,0,0,0,0,0,0,0,0,0
300473530,Wagoner,southern,SH-51,State Highway,1,0.0,0.0,incapacitating_injury,5.0,0,5.0,0.0,0.0,ANGLE-TURNING,ANGLE-TURNING,35.9373084,-95.31501615,2020,2020-08-02,15.55,2,0,N,       ,N,Y,1,Clear,Daylight,1.0,7,0,Roadway Departure Right,0,N,0.0,D,2.0,50.0,F,Y,4.0,Illigal Drugs,4.0,0,0,0,Drug-DUI,Drug-DUI,0,0,0,0,0,0,0,0,0,0,0,1,0,0,0,0,0,0,0,0,0,0,0,0,0,0,0,0,0,0,0,0,0,0,0,0,0
300473608,Ottawa,northern,I-44,Turnpike Interstate,0,0.0,0.0,possible_injury,0.0,0,0.0,0.0,1.0,F-O UTIL-POLE,FIXED-OBJECT,36.84743763,-94.8580753,2020,2020-07-19,5.41,1,0,N,       ,Y,N,1,Cloudy,Dawn,1.0,19,0,Roadway Departure Right,0,N,0.0,D,20.0,28.0,M,Y,2.0,Drinking - Ability Impaired,1.0,0,0,0,Alcohol-DUI/DWI,Alcohol-DUI/DWI,0,1,0,0,0,0,0,0,0,0,0,0,0,0,0,0,0,0,0,0,0,0,0,0,0,0,0,0,0,0,0,0,0,0,0,1,0
300473612,Rogers,northern,SH-20,State Highway,1,0.0,0.0,property_damage,0.0,0,0.0,0.0,0.0,REAR-END,REAR-END,36.30722894,-95.57839974,2020,2020-08-03,17.13,2,1,N,       ,Y,N,1,Clear,Daylight,1.0,4,0,No Roadway Departure,0,N,0.0,D,8.0,34.0,M,Y,1.0,Drinking - Ability Impaired,4.0,0,0,0,Followed too Closely,Human Element,0,0,0,0,0,0,0,0,0,0,0,0,0,0,0,0,1,0,0,0,0,0,0,0,0,0,0,0,0,0,0,0,0,0,0,0,0
300473714,Adair,southern,,County Road,0,80.0,99.0,property_damage,0.0,0,0.0,0.0,0.0,F-O DITCH,FIXED-OBJECT,35.8773,-94.644,2020,2020-08-04,17.43,1,0,N,       ,Y,N,1,Clear,Daylight,1.0,20,0,Fixed Object,0,N,0.0,D,4.0,19.0,M,Y,1.0,Apparently Normal,4.0,0,1,0,Alcohol-DUI/DWI,Alcohol-DUI/DWI,0,1,0,0,0,0,0,0,0,0,0,0,0,0,0,0,0,0,0,0,0,0,0,0,0,0,0,0,0,0,0,0,0,0,0,0,0
300473762,Cherokee,southern,,County Road,0,0.0,0.0,non_incapacitating_injury,1.0,0,0.0,1.0,1.0,F-O TREE,FIXED-OBJECT,35.7835,-95.0138,2020,2020-08-04,19.07,1,0,N,       ,Y,N,1,Clear,Daylight,1.0,20,0,Roadway Departure Right,0,N,0.0,D,4.0,16.0,M,Y,3.0,Drinking - Ability Impaired,4.0,0,1,0,Alcohol-DUI/DWI,Alcohol-DUI/DWI,0,1,0,0,0,0,0,0,0,0,0,0,0,0,0,0,0,0,0,0,0,0,0,0,0,0,0,0,0,0,0,0,0,0,0,0,0
300473897,Craig,northern,US-60,US Route,0,0.0,0.0,property_damage,0.0,0,0.0,0.0,0.0,F-O CULVERT,FIXED-OBJECT,36.62699757,-95.03707019,2020,2020-08-03,19.16,1,0,N,       ,N,Y,1,Clear,Daylight,1.0,20,0,Roadway Departure Right,0,N,0.0,D,4.0,21.0,M,Y,1.0,Illigal Drugs,4.0,0,0,0,Drug-DUI,Drug-DUI,0,0,0,0,0,0,0,0,0,0,0,1,0,0,0,0,0,0,0,0,0,0,0,0,0,0,0,0,0,0,0,0,0,0,0,0,0
300473957,Adair,southern,US-59,US Route,0,1.0,0.0,property_damage,0.0,0,0.0,0.0,0.0,ANGLE-TURNING,ANGLE-TURNING,35.94065246,-94.60131761,2020,2020-08-05,18.43,2,1,N,       ,Y,N,1,Clear,Daylight,1.0,10,0,No Roadway Departure,0,N,0.0,D,15.0,43.0,M,Y,0.0,Odor of Alcohol Beverage,1.0,0,0,0,Left of Center,Other,0,0,0,0,0,0,0,0,0,0,0,0,0,0,0,0,0,0,0,0,0,0,0,0,0,1,0,0,0,0,0,0,0,0,0,0,0
300473994,Tulsa,tulsa,US-169,US Route,0,0.0,0.0,non_incapacitating_injury,1.0,0,0.0,1.0,0.0,ROLLOVER,ROLLOVER,36.20162665,-95.85157522,2020,2020-07-01,20.03,1,0,N,       ,Y,N,1,Clear,Dusk,1.0,20,0,Roadway Departure Right,0,N,0.0,D,1.0,21.0,M,Y,3.0,Drinking - Ability Impaired,1.0,0,0,0,Unsafe Speed,For Traffic Conditions,0,0,0,0,0,0,0,0,0,0,0,0,0,0,0,0,0,0,0,0,0,0,0,0,0,0,0,0,0,0,0,1,0,0,0,1,0
300474196,Ottawa,northern,US-69,US Route,0,0.0,0.0,incapacitating_injury,1.0,0,1.0,0.0,0.0,PEDESTRIAN,PEDESTRIAN,36.86792007,-94.89183625,2020,2020-08-07,22.17,1,0,N,       ,Y,N,1,Clear,Dark / Unlighted,1.0,21,1,No Roadway Departure,0,N,0.0,P,0.0,26.0,M,N,4.0,Odor of Alcohol Beverage,0.0,0,0,0,Pedestrian Action,Pedestrian Action,0,0,0,0,0,0,0,0,0,0,0,0,0,0,0,0,0,0,0,0,0,0,0,0,0,0,0,0,0,1,0,0,0,0,0,1,0
300474305,Cherokee,southern,,County Road,0,0.0,0.0,non_incapacitating_injury,1.0,0,0.0,1.0,0.0,F-O DITCH,FIXED-OBJECT,35.9733,-94.9949,2020,2020-07-26,0.3,1,0,N,       ,Y,N,1,Clear,Dark / Unlighted,1.0,19,0,Roadway Departure Left,0,N,0.0,D,4.0,30.0,M,Y,3.0,Sleepy,1.0,0,0,1,Alcohol-DUI/DWI,Alcohol-DUI/DWI,0,1,0,0,0,0,0,0,0,0,0,0,0,0,0,0,0,0,0,0,0,0,0,0,0,0,0,0,0,0,0,0,0,0,0,1,0
300474515,Sequoyah,southern,US-64,US Route,0,10.0,0.0,incapacitating_injury,2.0,0,2.0,0.0,0.0,F-O BR-ABUTMENT,FIXED-OBJECT,35.40493139,-94.4870137,2020,2020-08-06,2.59,1,0,N,       ,N,Y,1,Clear,Dark / Unlighted,1.0,19,0,Roadway Departure Left,1,N,0.0,D,4.0,20.0,F,Y,4.0,Unknown,1.0,0,0,0,Drug-DUI,Drug-DUI,0,0,0,0,0,0,0,0,0,0,0,1,0,0,0,0,0,0,0,0,0,0,0,0,0,0,0,0,0,0,0,0,0,0,0,1,0
300474550,Nowata,northern,US-169,US Route,1,0.0,0.0,fatal,0.0,1,0.0,0.0,1.0,RIGHT-ANGLE,RIGHT-ANGLE,36.74219594,-95.6296608,2020,2020-06-04,22.23,2,0,N,       ,N,Y,1,Cloudy,Dark / Unlighted,1.0,1,0,Roadway Departure Right,0,N,0.0,D,3.0,18.0,M,Y,2.0,Illigal Drugs,1.0,0,1,0,Drug-DUI,Drug-DUI,0,0,0,0,0,0,0,0,0,0,0,1,0,0,0,0,0,0,0,0,0,0,0,0,0,0,0,0,0,0,0,0,0,0,0,1,0
300474559,Tulsa,northern,US-75,US Route,1,0.0,0.0,fatal,0.0,1,0.0,0.0,0.0,RIGHT-ANGLE,RIGHT-ANGLE,36.29324696,-95.92411255,2020,2020-03-28,12.22,2,0,N,       ,Y,N,1,Clear,Daylight,1.0,1,0,Roadway Departure Right,0,N,0.0,D,4.0,19.0,M,Y,1.0,Apparently Normal,4.0,0,1,0,Unsafe Speed,Exceeding Legal Limit,0,0,0,0,0,0,0,0,0,0,0,0,0,0,0,0,0,0,0,0,0,0,0,0,0,0,0,0,0,0,0,1,0,0,0,0,0
300474913,Mayes,northern,,County Road,0,80.0,99.0,property_damage,0.0,0,0.0,0.0,0.0,F-O DITCH,FIXED-OBJECT,36.2638,-95.3098,2020,2020-07-06,22.21,1,0,N,       ,Y,N,1,Clear,Dark / Unlighted,1.0,20,0,Roadway Departure Right,0,N,0.0,D,2.0,23.0,M,Y,1.0,Drinking - Ability Impaired,4.0,0,0,0,Alcohol-DUI/DWI,Alcohol-DUI/DWI,0,1,0,0,0,0,0,0,0,0,0,0,0,0,0,0,0,0,0,0,0,0,0,0,0,0,0,0,0,0,0,0,0,0,0,1,0
300475004,Cherokee,southern,,County Road,0,99.0,80.0,property_damage,0.0,0,0.0,0.0,0.0,F-O TREE,FIXED-OBJECT,35.7473,-94.8983,2020,2020-08-10,17.19,1,0,N,       ,N,Y,1,Clear,Daylight,1.0,19,0,Roadway Departure Left,0,N,0.0,D,21.0,30.0,M,Y,1.0,Illigal Drugs,4.0,0,0,0,Drug-DUI,Drug-DUI,0,0,0,0,0,0,0,0,0,0,0,1,0,0,0,0,0,0,0,0,0,0,0,0,0,0,0,0,0,0,0,0,0,0,0,0,0
300475009,Mayes,northern,SH-82,State Highway,0,0.0,0.0,non_incapacitating_injury,1.0,0,0.0,1.0,0.0,F-O TREE,FIXED-OBJECT,36.12301803,-95.13353066,2020,2020-08-13,0.19,1,0,N,       ,Y,N,1,Clear,Dark / Unlighted,1.0,20,0,Roadway Departure Right,0,N,0.0,D,2.0,27.0,M,Y,3.0,Drinking - Ability Impaired,1.0,0,0,0,Alcohol-DUI/DWI,Alcohol-DUI/DWI,0,1,0,0,0,0,0,0,0,0,0,0,0,0,0,0,0,0,0,0,0,0,0,0,0,0,0,0,0,0,0,0,0,0,0,1,0
300475130,Tulsa,tulsa,,City Street,6,1.0,0.0,non_incapacitating_injury,1.0,0,0.0,1.0,1.0,ANGLE-TURNING,ANGLE-TURNING,36.1771415,-95.95790877,2020,2020-08-10,21.38,2,0,N,       ,Y,N,1,Clear,Dark / Lighted,1.0,7,0,No Roadway Departure,0,N,0.0,D,2.0,30.0,M,Y,3.0,Odor of Alcohol Beverage,4.0,0,0,0,Alcohol-DUI/DWI,Alcohol-DUI/DWI,0,1,0,0,0,0,0,0,0,0,0,0,0,0,0,0,0,0,0,0,0,0,0,0,0,0,0,0,0,0,0,0,0,0,0,0,0
300475158,Sequoyah,southern,US-64,US Route,0,0.0,0.0,property_damage,0.0,0,0.0,0.0,0.0,SIDESWIPE-SAME,SIDESWIPE-SAME,35.50761446,-95.07112814,2020,2020-08-14,17.55,2,0,N,       ,Y,N,1,Clear,Daylight,1.0,16,0,Roadway Departure Right,0,N,0.0,D,2.0,33.0,F,Y,1.0,Odor of Alcohol Beverage,4.0,0,0,0,Other Improper Act/Movement,Other,0,0,0,0,0,0,0,0,0,0,0,0,0,0,0,0,0,0,0,0,0,0,0,0,0,0,0,0,1,0,0,0,0,0,0,0,0
300475605,Tulsa,tulsa,,City Street,1,0.0,0.0,non_incapacitating_injury,1.0,0,0.0,1.0,0.0,HEAD-ON,HEAD-ON,36.1896574,-95.9758373,2020,2020-08-18,21.25,2,1,N,       ,N,Y,1,Clear,Dark / Lighted,1.0,18,0,Fixed Object,0,N,0.0,D,20.0,25.0,M,Y,3.0,Illigal Drugs,99.0,0,0,0,Drug-DUI,Drug-DUI,0,0,0,0,0,0,0,0,0,0,0,1,0,0,0,0,0,0,0,0,0,0,0,0,0,0,0,0,0,0,0,0,0,0,0,0,0
300475710,Rogers,northern,I-44,Turnpike Interstate,0,0.0,0.0,property_damage,0.0,0,0.0,0.0,0.0,F-O BARR-CONCRETE,FIXED-OBJECT,36.23871124,-95.66570163,2020,2020-08-08,0.5,1,0,N,       ,Y,N,1,Cloudy,Dark / Unlighted,1.0,19,0,Roadway Departure Right,0,N,0.0,D,20.0,0.0,M,Y,1.0,Drinking - Ability Impaired,1.0,0,0,0,Alcohol-DUI/DWI,Alcohol-DUI/DWI,0,1,0,0,0,0,0,0,0,0,0,0,0,0,0,0,0,0,0,0,0,0,0,0,0,0,0,0,0,0,0,0,0,0,0,1,0