crash_id,county,region,highway_name,highway_class,intersection_rel,special_feature_1,special_feature_2,severity_level,visual_injured_num,fatal_num,suspected_serious_injured_num,non_incapacitated_injured_num,possibly_injured_num,crash_type,main_crash_type,latitude,longitude,year,date,time,number_of_vehicles,number_of_commercial_vehicles,work_zone,railroad_crossing,alcohol,drug,Alcohol or Drug,weather_condition,lighting_condition,road_condition,manner_of_collision,pedestrians_num,roadway_departure,cross_centerline,hit_and_run,emergency_vehicle_use,unit_type,vehicle_type,age,sex,driver_of_vehicle,injury_severity,person_condition,restraint_use,older_driver,teen_driver,Sleepy/Ill/Dizzy Driver,unsafe_unlaw_category,unsafe_unlaw_desc,Abnormal Traffic Control,Alcohol-DUI/DWI,Animal in Roadway,Apparently Sleepy,Avoiding Other Vehicle,Avoiding Pedestrian,Changed Lanes Unsafely,Deer in Roadway,Defect in Roadway,Disregarded Warning Signal,Domestic Animal in Roadway,Drug-DUI,Failed to Secure Load,Failed to Signal,Failed to Stop,Failed to Yield,Followed too Closely,Improper Backing,Improper Bicyclist Action,Improper Overtaking,Improper Parking,Improper Start From,Improper Turn,Improper Use of Lane,Distraction,Left of Center,No Improper Action by Driver,Object/Debris in Roadway,Other Improper Act/Movement,Pedestrian Action,Stopped in Traffic Lane,Speeding,Unsafe Vehicle,Wrong Way,Bad Weather,Bad Lighting,Bad Road Condition
300516082,Rogers,northern,I-44,Turnpike Interstate,0,45.0,0.0,non_incapacitating_injury,3.0,0,0.0,3.0,0.0,SIDESWIPE-SAME,SIDESWIPE-SAME,36.16386086,-95.73202223,2021,2021-05-30,19.46,3,0,N,       ,Y,N,1,Clear,Dusk,1.0,38,0,Roadway Departure Right,0,N,0.0,D,4.0,43.0,M,Y,1.0,Drinking - Ability Impaired,4.0,0,0,0,Alcohol-DUI/DWI,Alcohol-DUI/DWI,0,1,0,0,0,0,0,0,0,0,0,0,0,0,0,0,0,0,0,0,0,0,0,0,0,0,0,0,0,0,0,0,0,0,0,1,0
300516207,Cherokee,southern,SH-51,State Highway,0,0.0,0.0,incapacitating_injury,1.0,0,1.0,0.0,0.0,HEAD-ON,HEAD-ON,35.90366322,-94.82513178,2021,2021-06-19,21.11,2,0,N,       ,Y,N,1,Clear,Dark / Unlighted,1.0,18,0,Roadway Departure Right,1,N,0.0,D,15.0,19.0,M,Y,4.0,Apparently Normal,7.0,0,1,0,Left of Center,No Passing Zone (Unmarked),0,0,0,0,0,0,0,0,0,0,0,0,0,0,0,0,0,0,0,0,0,0,0,0,0,1,0,0,0,0,0,0,0,0,0,1,0
300516396,Rogers,northern,,County Road,0,0.0,0.0,non_incapacitating_injury,1.0,0,0.0,1.0,0.0,F-O CULVERT,FIXED-OBJECT,36.2602,-95.5603,2021,2021-06-15,14.46,1,0,N,       ,Y,N,1,Clear,Daylight,1.0,20,0,Roadway Departure Right,0,N,0.0,D,4.0,47.0,M,Y,3.0,Drinking - Ability Impaired,4.0,0,0,0,Alcohol-DUI/DWI,Alcohol-DUI/DWI,0,1,0,0,0,0,0,0,0,0,0,0,0,0,0,0,0,0,0,0,0,0,0,0,0,0,0,0,0,0,0,0,0,0,0,0,0
300516618,Washington,northern,SH-123,State Highway,0,0.0,0.0,possible_injury,0.0,0,0.0,0.0,1.0,ROLLOVER,ROLLOVER,36.7581619,-95.96716117,2021,2021-06-24,4.41,1,0,N,       ,Y,N,1,Clear,Dark / Unlighted,1.0,20,0,Roadway Departure Right,0,N,0.0,D,20.0,24.0,M,Y,2.0,Drinking - Ability Impaired,1.0,0,0,0,Alcohol-DUI/DWI,Alcohol-DUI/DWI,0,1,0,0,0,0,0,0,0,0,0,0,0,0,0,0,0,0,0,0,0,0,0,0,0,0,0,0,0,0,0,0,0,0,0,1,0
300516638,Rogers,northern,I-44,Turnpike Interstate,0,0.0,0.0,property_damage,0.0,0,0.0,0.0,0.0,F-O BARR-CABLE,FIXED-OBJECT,36.18269692,-95.73165663,2021,2021-06-17,3.0,1,0,N,       ,Y,N,1,Cloudy,Dark / Unlighted,1.0,19,0,Roadway Departure Left,0,N,0.0,D,2.0,37.0,F,Y,1.0,Drinking - Ability Impaired,4.0,0,0,0,Alcohol-DUI/DWI,Alcohol-DUI/DWI,0,1,0,0,0,0,0,0,0,0,0,0,0,0,0,0,0,0,0,0,0,0,0,0,0,0,0,0,0,0,0,0,0,0,0,1,0
300517650,Tulsa,tulsa,,City Street,8,99.0,80.0,property_damage,0.0,0,0.0,0.0,0.0,OTHER,OTHER,36.168411,-95.90489913,2021,2021-07-02,22.5,3,0,N,       ,Y,N,1,Clear,Dark / Unlighted,1.0,35,0,No Roadway Departure,0,Y,0.0,D,2.0,22.0,M,Y,1.0,Drinking - Ability Impaired,4.0,0,0,0,Alcohol-DUI/DWI,Alcohol-DUI/DWI,0,1,0,0,0,0,0,0,0,0,0,0,0,0,0,0,0,0,0,0,0,0,0,0,0,0,0,0,0,0,0,0,0,0,0,1,0
300517693,Tulsa,tulsa,,City Street,1,99.0,80.0,property_damage,0.0,0,0.0,0.0,0.0,REAR-END,REAR-END,36.1915648,-95.9582216,2021,2021-07-01,16.45,2,0,N,       ,Y,N,1,Cloudy,Daylight,2.0,2,0,No Roadway Departure,0,N,0.0,D,2.0,65.0,M,Y,1.0,Drinking - Ability Impaired,4.0,1,0,0,Alcohol-DUI/DWI,Alcohol-DUI/DWI,0,1,0,0,0,0,0,0,0,0,0,0,0,0,0,0,0,0,0,0,0,0,0,0,0,0,0,0,0,0,0,0,0,0,0,0,0
300517854,Sequoyah,southern,US-59,US Route,0,0.0,0.0,incapacitating_injury,2.0,0,2.0,0.0,0.0,HEAD-ON,HEAD-ON,35.50535106,-94.77311,2021,2021-07-04,1.54,2,0,N,       ,Y,N,1,Clear,Dark / Unlighted,1.0,18,0,Roadway Departure Right,0,N,0.0,D,2.0,64.0,M,Y,4.0,Odor of Alcohol Beverage,4.0,0,0,0,Left of Center,Marked Zone,0,0,0,0,0,0,0,0,0,0,0,0,0,0,0,0,0,0,0,0,0,0,0,0,0,1,0,0,0,0,0,0,0,0,0,1,0
300517942,Tulsa,tulsa,,County Road,0,1.0,0.0,possible_injury,0.0,0,0.0,0.0,2.0,OTH-BACKING,OTH-BACKING,36.2351,-95.9596,2021,2021-05-25,22.35,2,0,N,       ,Y,N,1,Clear,Dark / Unlighted,1.0,40,0,Fixed Object,0,N,0.0,D,2.0,45.0,M,Y,2.0,Drinking - Ability Impaired,1.0,0,0,0,Alcohol-DUI/DWI,Alcohol-DUI/DWI,0,1,0,0,0,0,0,0,0,0,0,0,0,0,0,0,0,0,0,0,0,0,0,0,0,0,0,0,0,0,0,0,0,0,0,1,0
300518187,Tulsa,tulsa,,City Street,5,99.0,80.0,property_damage,0.0,0,0.0,0.0,0.0,ANGLE-TURNING,ANGLE-TURNING,36.19814241,-95.9046079,2021,2021-07-07,8.0,2,0,N,       ,N,Y,1,Clear,Daylight,1.0,7,0,No Roadway Departure,0,N,0.0,D,2.0,19.0,M,Y,1.0,Illigal Drugs,4.0,0,1,0,Improper Turn,In Front of Oncoming Traffic,0,0,0,0,0,0,0,0,0,0,0,0,0,0,0,0,0,0,0,0,0,0,1,0,0,0,0,0,0,0,0,0,0,0,0,0,0
300518442,Craig,northern,SH-2,State Highway,0,0.0,0.0,fatal,1.0,1,1.0,0.0,0.0,HEAD-ON,HEAD-ON,36.72970183,-95.14359294,2021,2021-02-21,23.47,2,1,N,       ,Y,N,1,Clear,Dark / Unlighted,1.0,18,0,Roadway Departure Right,0,N,0.0,D,4.0,35.0,M,Y,5.0,Unknown,99.0,0,0,0,Alcohol-DUI/DWI,Alcohol-DUI/DWI,0,1,0,0,0,0,0,0,0,0,0,0,0,0,0,0,0,0,0,0,0,0,0,0,0,0,0,0,0,0,0,0,0,0,0,1,0
300518506,Adair,southern,,County Road,0,0.0,0.0,non_incapacitating_injury,1.0,0,0.0,1.0,0.0,F-O EMBANKMENT,FIXED-OBJECT,35.8323,-94.5759,2021,2021-07-09,6.1,1,0,N,       ,Y,N,1,Clear,Dusk,1.0,19,0,Roadway Departure Right,1,N,0.0,D,20.0,32.0,F,Y,3.0,Drinking - Ability Impaired,1.0,0,0,0,Alcohol-DUI/DWI,Alcohol-DUI/DWI,0,1,0,0,0,0,0,0,0,0,0,0,0,0,0,0,0,0,0,0,0,0,0,0,0,0,0,0,0,0,0,0,0,0,0,1,0
300518594,Sequoyah,southern,I-40,Interstate,0,0.0,0.0,property_damage,0.0,0,0.0,0.0,0.0,F-O BARR-CABLE,FIXED-OBJECT,35.39366559,-94.64393859,2021,2021-07-10,8.02,1,0,N,       ,Y,N,1,Cloudy,Daylight,1.0,19,0,Roadway Departure Left,0,N,0.0,D,1.0,31.0,F,Y,1.0,Drinking - Ability Impaired,4.0,0,0,0,Alcohol-DUI/DWI,Alcohol-DUI/DWI,0,1,0,0,0,0,0,0,0,0,0,0,0,0,0,0,0,0,0,0,0,0,0,0,0,0,0,0,0,0,0,0,0,0,0,0,0
300518888,Rogers,northern,SH-28A,State Highway,1,0.0,0.0,incapacitating_injury,1.0,0,1.0,0.0,1.0,RIGHT-ANGLE,RIGHT-ANGLE,36.43774497,-95.47098837,2021,2021-06-28,19.07,2,0,N,       ,Y,N,1,Cloudy,Daylight,1.0,1,0,Roadway Departure Right,0,N,0.0,D,1.0,19.0,F,Y,4.0,Odor of Alcohol Beverage,4.0,0,1,0,Failed to Yield,From Stop Sign,0,0,0,0,0,0,0,0,0,0,0,0,0,0,0,1,0,0,0,0,0,0,0,0,0,0,0,0,0,0,0,0,0,0,0,0,0
300519148,Sequoyah,southern,,County Road,0,99.0,80.0,property_damage,0.0,0,0.0,0.0,0.0,F-O OTHER,FIXED-OBJECT,35.5845,-94.5593,2021,2021-07-10,15.58,1,0,N,       ,Y,N,1,Clear,Daylight,1.0,19,0,Roadway Departure Left,0,N,0.0,D,2.0,24.0,M,Y,1.0,Odor of Alcohol Beverage,4.0,0,0,0,Unsafe Speed,On Curve/Turn,0,0,0,0,0,0,0,0,0,0,0,0,0,0,0,0,0,0,0,0,0,0,0,0,0,0,0,0,0,0,0,1,0,0,0,0,0
300519258,Delaware,northern,SH-20,State Highway,0,0.0,0.0,property_damage,0.0,0,0.0,0.0,0.0,F-O OTHER,FIXED-OBJECT,36.48662148,-94.61742417,2021,2021-07-07,17.32,1,0,N,       ,Y,N,1,Clear,Daylight,1.0,20,0,Roadway Departure Right,0,N,0.0,D,4.0,57.0,M,Y,1.0,Drinking - Ability Impaired,4.0,0,0,0,Alcohol-DUI/DWI,Alcohol-DUI/DWI,0,1,0,0,0,0,0,0,0,0,0,0,0,0,0,0,0,0,0,0,0,0,0,0,0,0,0,0,0,0,0,0,0,0,0,0,0
300519264,Tulsa,tulsa,,City Street,5,99.0,80.0,property_damage,0.0,0,0.0,0.0,0.0,OTHER,OTHER,36.16725131,-95.9993511,2021,2021-05-11,12.44,4,0,N,       ,N,Y,1,Rain,Daylight,2.0,35,0,No Roadway Departure,0,N,0.0,D,21.0,25.0,M,Y,1.0,Under the Influence of Medication,4.0,0,0,0,Drug-DUI,Drug-DUI,0,0,0,0,0,0,0,0,0,0,0,1,0,0,0,0,0,0,0,0,0,0,0,0,0,0,0,0,0,0,0,0,0,0,1,0,0
300519560,Cherokee,southern,,County Road,0,0.0,0.0,possible_injury,0.0,0,0.0,0.0,1.0,F-O DITCH,FIXED-OBJECT,36.1253,-94.923,2021,2021-07-05,1.0,1,0,N,       ,N,Y,1,Clear,Dark / Unlighted,1.0,19,0,Roadway Departure Left,0,N,0.0,D,2.0,25.0,M,Y,2.0,Illigal Drugs,4.0,0,0,0,Inattention,Other,0,0,0,0,0,0,0,0,0,0,0,0,0,0,0,0,0,0,0,0,0,0,0,0,1,0,0,0,0,0,0,0,0,0,0,1,0
300519563,Cherokee,southern,US-62,US Route,1,0.0,0.0,property_damage,0.0,0,0.0,0.0,0.0,REAR-END,REAR-END,35.92676694,-94.92755377,2021,2021-07-10,17.38,2,0,N,       ,Y,N,1,Cloudy,Daylight,1.0,5,0,No Roadway Departure,0,N,0.0,D,4.0,47.0,F,Y,1.0,Odor of Alcohol Beverage,4.0,0,0,0,Inattention,Distraction from Outside Vehicle,0,0,0,0,0,0,0,0,0,0,0,0,0,0,0,0,0,0,0,0,0,0,0,0,1,0,0,0,0,0,0,0,0,0,0,0,0
300519564,Cherokee,southern,,County Road,0,1.0,0.0,possible_injury,0.0,0,0.0,0.0,1.0,ANGLE-TURNING,ANGLE-TURNING,36.0901,-95.1007,2021,2021-07-15,12.08,2,0,N,       ,Y,N,1,Clear,Daylight,1.0,7,0,No Roadway Departure,0,N,0.0,D,2.0,30.0,F,Y,2.0,Odor of Alcohol Beverage,4.0,0,0,0,Inattention,Distracted by Passenger in Vehicle,0,0,0,0,0,0,0,0,0,0,0,0,0,0,0,0,0,0,0,0,0,0,0,0,1,0,0,0,0,0,0,0,0,0,0,0,0
300519570,Cherokee,southern,US-62,US Route,1,0.0,0.0,property_damage,0.0,0,0.0,0.0,0.0,F-O DITCH,FIXED-OBJECT,35.92676694,-94.92755377,2021,2021-07-10,21.19,1,0,N,       ,Y,N,1,Rain,Dark / Unlighted,2.0,19,0,Roadway Departure Left,0,N,0.0,D,2.0,21.0,M,Y,1.0,Drinking - Ability Impaired,4.0,0,0,0,Alcohol-DUI/DWI,Alcohol-DUI/DWI,0,1,0,0,0,0,0,0,0,0,0,0,0,0,0,0,0,0,0,0,0,0,0,0,0,0,0,0,0,0,0,0,0,0,1,1,0
300519598,Washington,northern,,County Road,0,0.0,0.0,fatal,0.0,1,0.0,0.0,0.0,F-O FENCE,FIXED-OBJECT,36.5266,-95.8303,2021,2021-02-07,0.23,1,0,N,       ,Y,N,1,Cloudy,Dark / Unlighted,5.0,19,0,Roadway Departure Left,1,N,0.0,D,2.0,50.0,M,Y,5.0,Drinking - Ability Impaired,4.0,0,0,0,Alcohol-DUI/DWI,Alcohol-DUI/DWI,0,1,0,0,0,0,0,0,0,0,0,0,0,0,0,0,0,0,0,0,0,0,0,0,0,0,0,0,0,0,0,0,0,0,0,1,1
300519694,Mayes,northern,SH-28,State Highway,0,0.0,0.0,non_incapacitating_injury,1.0,0,0.0,1.0,1.0,F-O GUARDRL-FACE,FIXED-OBJECT,36.43784292,-95.33684978,2021,2021-07-17,18.31,1,0,N,       ,Y,N,1,Clear,Daylight,1.0,20,0,Roadway Departure Right,0,N,0.0,D,20.0,33.0,M,Y,3.0,Apparently Normal,4.0,0,0,0,Alcohol-DUI/DWI,Alcohol-DUI/DWI,0,1,0,0,0,0,0,0,0,0,0,0,0,0,0,0,0,0,0,0,0,0,0,0,0,0,0,0,0,0,0,0,0,0,0,0,0
300519708,Sequoyah,southern,US-64,US Route,1,0.0,0.0,property_damage,0.0,0,0.0,0.0,0.0,F-O TRAFF-SIGN,FIXED-OBJECT,35.5002233,-94.99628508,2021,2021-07-16,16.3,1,0,N,       ,Y,N,1,Clear,Daylight,1.0,20,0,Roadway Departure Right,0,N,0.0,D,4.0,47.0,M,Y,1.0,Drinking - Ability Impaired,4.0,0,0,0,Alcohol-DUI/DWI,Alcohol-DUI/DWI,0,1,0,0,0,0,0,0,0,0,0,0,0,0,0,0,0,0,0,0,0,0,0,0,0,0,0,0,0,0,0,0,0,0,0,0,0
300519711,Sequoyah,southern,,County Road,0,99.0,80.0,property_damage,0.0,0,0.0,0.0,0.0,F-O UTIL-POLE,FIXED-OBJECT,35.5661,-95.0226,2021,2021-07-15,21.13,1,0,N,       ,Y,N,1,Clear,Dark / Unlighted,1.0,19,0,Roadway Departure Left,0,N,0.0,D,20.0,24.0,F,Y,1.0,Drinking - Ability Impaired,4.0,0,0,0,Alcohol-DUI/DWI,Alcohol-DUI/DWI,0,1,0,0,0,0,0,0,0,0,0,0,0,0,0,0,0,0,0,0,0,0,0,0,0,0,0,0,0,0,0,0,0,0,0,1,0
300519716,Delaware,northern,,County Road,0,0.0,0.0,possible_injury,0.0,0,0.0,0.0,1.0,F-O TREE,FIXED-OBJECT,36.4071,-94.9569,2021,2021-07-04,18.13,1,0,N,       ,Y,N,1,Clear,Daylight,1.0,20,0,Roadway Departure Right,0,N,0.0,D,4.0,40.0,M,Y,2.0,Drinking - Ability Impaired,1.0,0,0,0,Alcohol-DUI/DWI,Alcohol-DUI/DWI,0,1,0,0,0,0,0,0,0,0,0,0,0,0,0,0,0,0,0,0,0,0,0,0,0,0,0,0,0,0,0,0,0,0,0,0,0
300519882,Tulsa,tulsa,,City Street,6,0.0,0.0,property_damage,0.0,0,0.0,0.0,0.0,SIDESWIPE-SAME,SIDESWIPE-SAME,36.22048001,-95.97521068,2021,2021-07-17,0.3,2,0,N,       ,N,Y,1,Clear,Dark / Lighted,1.0,16,0,No Roadway Departure,0,N,0.0,D,1.0,48.0,M,Y,1.0,Illigal Drugs,4.0,0,0,0,Changed Lanes Unsafely,Changed Lanes Unsafely,0,0,0,0,0,0,1,0,0,0,0,0,0,0,0,0,0,0,0,0,0,0,0,0,0,0,0,0,0,0,0,0,0,0,0,0,0
300520034,Tulsa,tulsa,,City Street,7,99.0,80.0,property_damage,0.0,0,0.0,0.0,0.0,ANGLE-TURNING,ANGLE-TURNING,36.16763049,-95.9993317,2021,2021-07-18,3.32,2,0,N,       ,Y,N,1,Clear,Dark / Lighted,1.0,7,0,No Roadway Departure,0,N,0.0,D,4.0,21.0,M,Y,1.0,Drinking - Ability Impaired,4.0,0,0,0,Alcohol-DUI/DWI,Alcohol-DUI/DWI,0,1,0,0,0,0,0,0,0,0,0,0,0,0,0,0,0,0,0,0,0,0,0,0,0,0,0,0,0,0,0,0,0,0,0,0,0
300520353,Rogers,northern,,County Road,0,99.0,80.0,property_damage,0.0,0,0.0,0.0,0.0,OTHER,OTHER,36.3147,-95.6835,2021,2021-07-11,18.32,1,0,N,       ,Y,N,1,Cloudy,Daylight,1.0,20,0,Roadway Departure Right,0,Y,0.0,D,4.0,26.0,M,Y,1.0,Odor of Alcohol Beverage,4.0,0,0,0,Alcohol-DUI/DWI,Alcohol-DUI/DWI,0,1,0,0,0,0,0,0,0,0,0,0,0,0,0,0,0,0,0,0,0,0,0,0,0,0,0,0,0,0,0,0,0,0,0,0,0
300520376,Cherokee,southern,,County Road,0,99.0,80.0,property_damage,0.0,0,0.0,0.0,0.0,OTHER,OTHER,35.9177,-94.9421,2021,2021-07-21,14.04,4,0,N,       ,Y,N,1,Clear,Daylight,1.0,20,0,Roadway Departure Right,0,N,0.0,D,2.0,20.0,M,Y,1.0,Drinking - Ability Impaired,4.0,0,0,0,Alcohol-DUI/DWI,Alcohol-DUI/DWI,0,1,0,0,0,0,0,0,0,0,0,0,0,0,0,0,0,0,0,0,0,0,0,0,0,0,0,0,0,0,0,0,0,0,0,0,0
300520534,Wagoner,southern,,County Road,0,0.0,0.0,incapacitating_injury,1.0,0,1.0,0.0,0.0,F-O TREE,FIXED-OBJECT,35.9665,-95.3148,2021,2021-07-11,0.29,1,0,N,       ,Y,N,1,Clear,Dark / Unlighted,1.0,19,0,Roadway Departure Left,1,N,0.0,D,4.0,17.0,M,Y,4.0,Odor of Alcohol Beverage,1.0,0,1,0,Alcohol-DUI/DWI,Alcohol-DUI/DWI,0,1,0,0,0,0,0,0,0,0,0,0,0,0,0,0,0,0,0,0,0,0,0,0,0,0,0,0,0,0,0,0,0,0,0,1,0
300520700,Rogers,tulsa,I-44,Interstate,0,0.0,0.0,property_damage,0.0,0,0.0,0.0,0.0,REAR-END,REAR-END,36.16241786,-95.76910485,2021,2021-07-20,13.3,2,1,N,       ,N,Y,1,Clear,Daylight,1.0,3,0,No Roadway Departure,0,N,0.0,D,20.0,52.0,F,Y,1.0,Under the Influence of Medication,4.0,0,0,0,Drug-DUI,Drug-DUI,0,0,0,0,0,0,0,0,0,0,0,1,0,0,0,0,0,0,0,0,0,0,0,0,0,0,0,0,0,0,0,0,0,0,0,0,0
300520701,Rogers,northern,I-44,Interstate,0,31.0,0.0,non_incapacitating_injury,1.0,0,0.0,1.0,0.0,SIDESWIPE-SAME,SIDESWIPE-SAME,36.16277025,-95.75032961,2021,2021-07-16,22.15,2,0,N,       ,N,Y,1,Cloudy,Dark / Unlighted,1.0,38,0,Roadway Departure Right,0,N,0.0,D,2.0,58.0,F,Y,3.0,Illigal Drugs,4.0,0,0,0,Drug-DUI,Drug-DUI,0,0,0,0,0,0,0,0,0,0,0,1,0,0,0,0,0,0,0,0,0,0,0,0,0,0,0,0,0,0,0,0,0,0,0,1,0
300520743,Tulsa,tulsa,SH-11W,State Highway,0,0.0,0.0,incapacitating_injury,1.0,0,1.0,0.0,0.0,F-O TRAFF-SIGN,FIXED-OBJECT,36.20612386,-95.95042685,2021,2021-07-22,20.12,1,0,N,       ,Y,N,1,Clear,Dark / Unlighted,1.0,19,0,Roadway Departure Left,1,N,0.0,D,15.0,33.0,M,Y,4.0,Odor of Alcohol Beverage,99.0,0,0,0,Alcohol-DUI/DWI,Alcohol-DUI/DWI,0,1,0,0,0,0,0,0,0,0,0,0,0,0,0,0,0,0,0,0,0,0,0,0,0,0,0,0,0,0,0,0,0,0,0,1,0
300520891,Tulsa,tulsa,I-244,Interstate,0,10.0,0.0,non_incapacitating_injury,1.0,0,0.0,1.0,0.0,F-O BR-ABUTMENT,FIXED-OBJECT,36.16252729,-95.89865719,2021,2021-07-14,20.39,1,0,N,       ,N,Y,1,Clear,Dark / Lighted,1.0,20,0,Roadway Departure Right,0,N,0.0,D,20.0,36.0,M,Y,3.0,Illigal Drugs,4.0,0,0,0,Drug-DUI,Drug-DUI,0,0,0,0,0,0,0,0,0,0,0,1,0,0,0,0,0,0,0,0,0,0,0,0,0,0,0,0,0,0,0,0,0,0,0,0,0
300520918,Tulsa,tulsa,I-244,Interstate,1,21.0,0.0,non_incapacitating_injury,1.0,0,0.0,1.0,0.0,REAR-END,REAR-END,36.16440783,-95.8633451,2021,2021-07-18,20.34,2,0,N,       ,Y,N,1,Clear,Dusk,1.0,2,0,No Roadway Departure,0,N,0.0,D,4.0,28.0,M,Y,1.0,Drinking - Ability Impaired,4.0,0,0,0,Followed too Closely,Human Element,0,0,0,0,0,0,0,0,0,0,0,0,0,0,0,0,1,0,0,0,0,0,0,0,0,0,0,0,0,0,0,0,0,0,0,1,0
300520980,Delaware,northern,US-59,US Route,0,0.0,0.0,property_damage,0.0,0,0.0,0.0,0.0,F-O DITCH,FIXED-OBJECT,36.38559738,-94.81483364,2021,2021-07-27,9.39,1,0,N,       ,N,Y,1,Clear,Daylight,1.0,19,0,Roadway Departure Left,0,Y,0.0,D,2.0,30.0,M,Y,1.0,Illigal Drugs,4.0,0,0,0,Drug-DUI,Drug-DUI,0,0,0,0,0,0,0,0,0,0,0,1,0,0,0,0,0,0,0,0,0,0,0,0,0,0,0,0,0,0,0,0,0,0,0,0,0
300521050,Mayes,northern,,City Street,1,0.0,0.0,non_incapacitating_injury,2.0,0,0.0,2.0,0.0,ANGLE-TURNING,ANGLE-TURNING,36.2927929,-95.3098582,2021,2021-07-12,9.45,2,0,N,       ,N,Y,1,Cloudy,Daylight,1.0,24,0,No Roadway Departure,0,Y,0.0,D,4.0,50.0,M,Y,3.0,Apparently Normal,4.0,0,0,0,No Improper Action by Driver,No Improper Action by Driver,0,0,0,0,0,0,0,0,0,0,0,0,0,0,0,0,0,0,0,0,0,0,0,0,0,0,1,0,0,0,0,0,0,0,0,0,0
300521056,Rogers,northern,I-44,Turnpike Interstate,0,0.0,0.0,property_damage,0.0,0,0.0,0.0,0.0,F-O BARR-CABLE,FIXED-OBJECT,36.18311608,-95.73151248,2021,2021-07-16,0.36,1,0,N,       ,N,Y,1,Cloudy,Dark / Unlighted,1.0,19,0,Roadway Departure Left,0,N,0.0,D,2.0,40.0,M,Y,1.0,Illigal Drugs,1.0,0,0,0,Drug-DUI,Drug-DUI,0,0,0,0,0,0,0,0,0,0,0,1,0,0,0,0,0,0,0,0,0,0,0,0,0,0,0,0,0,0,0,0,0,0,0,1,0
300521330,Nowata,northern,US-60,US Route,0,0.0,0.0,non_incapacitating_injury,1.0,0,0.0,1.0,0.0,SIDESWIPE-OPP,SIDESWIPE-OPP,36.71358993,-95.74447608,2021,2021-07-05,2.17,2,1,N,       ,Y,N,1,Clear,Dark / Unlighted,1.0,17,0,Roadway Departure Right,0,N,0.0,D,2.0,50.0,M,Y,3.0,Drinking - Ability Impaired,1.0,0,0,0,Alcohol-DUI/DWI,Alcohol-DUI/DWI,0,1,0,0,0,0,0,0,0,0,0,0,0,0,0,0,0,0,0,0,0,0,0,0,0,0,0,0,0,0,0,0,0,0,0,1,0
300521874,Cherokee,southern,SH-82,State Highway,0,71.0,0.0,property_damage,0.0,0,0.0,0.0,0.0,REAR-END,REAR-END,35.9878332,-94.97142711,2021,2021-07-30,6.3,3,0,N,       ,N,Y,1,Clear,Daylight,1.0,2,0,No Roadway Departure,0,N,0.0,D,20.0,33.0,F,Y,1.0,Illigal Drugs,4.0,0,0,0,Drug-DUI,Drug-DUI,0,0,0,0,0,0,0,0,0,0,0,1,0,0,0,0,0,0,0,0,0,0,0,0,0,0,0,0,0,0,0,0,0,0,0,0,0
300522024,Mayes,northern,,City Street,1,0.0,0.0,non_incapacitating_injury,2.0,0,0.0,2.0,0.0,ANGLE-TURNING,ANGLE-TURNING,36.2927929,-95.3098582,2021,2021-07-12,9.45,2,0,N,       ,N,Y,1,Cloudy,Daylight,1.0,24,0,No Roadway Departure,0,Y,0.0,D,4.0,50.0,M,Y,3.0,Apparently Normal,4.0,0,0,0,No Improper Action by Driver,No Improper Action by Driver,0,0,0,0,0,0,0,0,0,0,0,0,0,0,0,0,0,0,0,0,0,0,0,0,0,0,1,0,0,0,0,0,0,0,0,0,0
300522035,McIntosh,southern,,County Road,1,0.0,0.0,non_incapacitating_injury,1.0,0,0.0,1.0,0.0,F-O GROUND,FIXED-OBJECT,35.3471,-95.4505,2021,2021-07-31,20.06,1,0,N,       ,Y,N,1,Clear,Dusk,5.0,20,0,Roadway Departure Right,0,N,0.0,D,15.0,45.0,M,Y,3.0,Odor of Alcohol Beverage,99.0,0,0,0,Unsafe Speed,On Curve/Turn,0,0,0,0,0,0,0,0,0,0,0,0,0,0,0,0,0,0,0,0,0,0,0,0,0,0,0,0,0,0,0,1,0,0,0,1,1
300522083,Rogers,northern,I-44,Turnpike Interstate,0,0.0,0.0,incapacitating_injury,1.0,0,1.0,0.0,0.0,REAR-END,REAR-END,36.24403857,-95.66016951,2021,2021-07-31,19.57,2,1,N,       ,Y,N,1,Clear,Daylight,1.0,3,0,Roadway Departure Left,0,Y,0.0,D,2.0,40.0,M,Y,4.0,Drinking - Ability Impaired,1.0,0,0,0,Alcohol-DUI/DWI,Alcohol-DUI/DWI,0,1,0,0,0,0,0,0,0,0,0,0,0,0,0,0,0,0,0,0,0,0,0,0,0,0,0,0,0,0,0,0,0,0,0,0,0
300522087,Sequoyah,southern,,County Road,0,99.0,80.0,property_damage,0.0,0,0.0,0.0,0.0,F-O TREE,FIXED-OBJECT,35.5918,-94.8106,2021,2021-07-30,23.52,1,0,N,       ,Y,N,1,Clear,Dark / Unlighted,5.0,19,0,Roadway Departure Left,0,N,0.0,D,4.0,31.0,M,Y,1.0,Drinking - Ability Impaired,1.0,0,0,0,Alcohol-DUI/DWI,Alcohol-DUI/DWI,0,1,0,0,0,0,0,0,0,0,0,0,0,0,0,0,0,0,0,0,0,0,0,0,0,0,0,0,0,0,0,0,0,0,0,1,1
300522136,Tulsa,northern,,City Street,7,99.0,80.0,property_damage,0.0,0,0.0,0.0,0.0,REAR-END,REAR-END,36.27550609,-95.8301324,2021,2021-08-03,1.27,2,0,N,       ,Y,N,1,Clear,Dark / Lighted,1.0,5,0,No Roadway Departure,0,N,0.0,D,2.0,43.0,M,Y,1.0,Drinking - Ability Impaired,4.0,0,0,0,Alcohol-DUI/DWI,Alcohol-DUI/DWI,0,1,0,0,0,0,0,0,0,0,0,0,0,0,0,0,0,0,0,0,0,0,0,0,0,0,0,0,0,0,0,0,0,0,0,0,0